Barcode,Genes,mut_IDs,Putative_Drivers,Putative_Driver_Mutations
TGCACAAAATAAAATATCCTTCCTGAGTGTCAATCGATTTTTTTGTTATGTA,ACS2;BIO3;GAS3;VPS34,ACS2_XII_446579_T_Heterozygous_NON_SYNONYMOUS_CODING;BIO3_XIV_735180_C_Heterozygous_NON_SYNONYMOUS_CODING;GAS3_XIII_697579_C_Heterozygous_NON_SYNONYMOUS_CODING;VPS34_XII_619802_T_Heterozygous_NON_SYNONYMOUS_CODING,,
TTGTTAAACCAGAATCCTCTTATACAAACGAAACAGTGTTGTAATTTTGTGA,KTR2,KTR2_XI_558029_C_Heterozygous_NON_SYNONYMOUS_CODING,KTR2,KTR2_XI_558029_C_Heterozygous_NON_SYNONYMOUS_CODING
GTACTAAACCCTAAATAACTTGTTTTGTCCGAACGCAGTTTCGTGTTAGGGT,AEP1,AEP1_XIII_398534_C_Heterozygous_NON_SYNONYMOUS_CODING,AEP1,AEP1_XIII_398534_C_Heterozygous_NON_SYNONYMOUS_CODING
GACCGAATGGTAAATAATTTTCCAAGTACCCAACGAAATTGTGTTTTTTTGA,HAP1;AIM18;tL_CAA_L;MSA2;PEX6;SLF1;VPS33;YNL114C,HAP1_XII_648443_A_Heterozygous_NON_SYNONYMOUS_CODING;AIM18_VIII_496489_T_Heterozygous_NON_SYNONYMOUS_CODING;tL_CAA_L_XII_628461_T_Heterozygous_NON_SYNONYMOUS_CODING;MSA2_XI_583687_C_Heterozygous_NON_SYNONYMOUS_CODING;PEX6_XIV_19631_T_Heterozygous_NON_SYNONYMOUS_CODING;SLF1_IV_1473577_T_Heterozygous_NON_SYNONYMOUS_CODING;VPS33_XII_911909_G_Heterozygous_NON_SYNONYMOUS_CODING;YNL114C_XIV_412782_A_Heterozygous_NON_SYNONYMOUS_CODING,HAP1,HAP1_XII_648443_A_Heterozygous_NON_SYNONYMOUS_CODING
AAAAAAATTCCAAAAAATTTTCCGGTGTGTCAATCGATTTTTTTGTTATGTA,IRA2;IRA1;HOS4;SHU2;tA_AGC_K1,IRA2_XV_172460_G_Heterozygous_STOP_GAINED;IRA1_II_517871_A_Heterozygous_NON_SYNONYMOUS_CODING;HOS4_IX_152451_C_Heterozygous_NON_SYNONYMOUS_CODING;SHU2_IV_602634_C_Heterozygous_NON_SYNONYMOUS_CODING;tA_AGC_K1_XI_219902_C_Heterozygous_NON_SYNONYMOUS_CODING,IRA2;IRA1,IRA1_II_517871_A_Heterozygous_NON_SYNONYMOUS_CODING;IRA2_XV_172460_G_Heterozygous_STOP_GAINED
ACTACAAGCTGCAACTATGTTCTGGAAAGCAAATAGAATTGTACGTTTGCCA,RAS1;AMA1;KHA1;PRP18,RAS1_XV_515295_A_Heterozygous_NON_SYNONYMOUS_CODING;AMA1_VII_945935_C_Heterozygous_NON_SYNONYMOUS_CODING;KHA1_X_253690_G_Heterozygous_NON_SYNONYMOUS_CODING;PRP18_VII_506713_T_Heterozygous_NON_SYNONYMOUS_CODING,RAS1,RAS1_XV_515295_A_Heterozygous_NON_SYNONYMOUS_CODING
CATCAAAGGGCAAATCGCATTAAGTATCATGAAACACATTCATCGTTTACGA,QDR1;STE5;ANT1;ARI1;CFT1;ECM29;ERG9;YEF3,QDR1_IX_134854_A_Heterozygous_NON_SYNONYMOUS_CODING;STE5_IV_660909_A_Heterozygous_NON_SYNONYMOUS_CODING;ANT1_XVI_792170_C_Heterozygous_NON_SYNONYMOUS_CODING;ARI1_VII_209787_G_Heterozygous_NON_SYNONYMOUS_CODING;CFT1_IV_1064477_A_Heterozygous_NON_SYNONYMOUS_CODING;ECM29_VIII_43639_C_Heterozygous_NON_SYNONYMOUS_CODING;ERG9_VIII_485166_TG_Heterozygous_FRAME_SHIFT;YEF3_XII_639486_C_Heterozygous_NON_SYNONYMOUS_CODING,QDR1;STE5,QDR1_IX_134854_A_Heterozygous_NON_SYNONYMOUS_CODING;STE5_IV_660909_A_Heterozygous_NON_SYNONYMOUS_CODING
TGTTTAATCCGCAATCCTTTTCAATCGTGTCAATCGATTTTTTTGTTATGTA,IRA2;CIN1,IRA2_XV_174462_A_Heterozygous_FRAME_SHIFT;CIN1_XV_992204_T_Heterozygous_NON_SYNONYMOUS_CODING,IRA2,IRA2_XV_174462_A_Heterozygous_FRAME_SHIFT
CACAGAACATCGAACCGAGTTTTGATCACTTAACTTGGTTAACGTTTGCCAG,TUP1;ASI1;XRN1,TUP1_III_260366_T_Heterozygous_NON_SYNONYMOUS_CODING;ASI1_XIII_506683_G_Heterozygous_NON_SYNONYMOUS_CODING;XRN1_VII_177047_C_Heterozygous_NON_SYNONYMOUS_CODING,TUP1,TUP1_III_260366_T_Heterozygous_NON_SYNONYMOUS_CODING
TCGCGAACAGGAAAGATGATTGCGACGTGTCAATCGATTTTTTTGTTATGTA,IRA1;YER137C;YPR196W,IRA1_II_517871_A_Heterozygous_NON_SYNONYMOUS_CODING;YER137C_V_441457_AT_Heterozygous_FRAME_SHIFT;YPR196W_XVI_932714_G_Heterozygous_NON_SYNONYMOUS_CODING,IRA1,IRA1_II_517871_A_Heterozygous_NON_SYNONYMOUS_CODING
ACCTAAATAATAAACCCATTTTCATCAACGAAACAGTGTTGTAATTTTGTGA,AUR1;FBP1;HXT17,AUR1_XI_436288_C_Heterozygous_NON_SYNONYMOUS_CODING;FBP1_XII_874380_.GAGCACCAGAAGCAATTTAAGAACGCTACTGGTGATTTCACATTAGTACTGAATGCCTTGCAATTCG_Heterozygous_FRAME_SHIFT FBP1_XII_874380_[XII:874643[G_Heterozygous_GENE_FUSION_REVERESE;HXT17_XIV_773323_A_Heterozygous_NON_SYNONYMOUS_CODING,,
ACGTTAATGTGGAACGTGATTGTAGTTCATGAAACACATTCATCGTTTACGA,IRA2;QDR1;STE5;AVO1;CHO1;SPS2;YDR306C,IRA2_XV_174976_T_Heterozygous_FRAME_SHIFT;QDR1_IX_134854_A_Heterozygous_NON_SYNONYMOUS_CODING;STE5_IV_660909_A_Heterozygous_NON_SYNONYMOUS_CODING;AVO1_XV_184498_T_Heterozygous_NON_SYNONYMOUS_CODING;CHO1_V_208298_AG_Heterozygous_FRAME_SHIFT;SPS2_IV_1484372_G_Heterozygous_NON_SYNONYMOUS_CODING;YDR306C_IV_1073981_A_Heterozygous_NON_SYNONYMOUS_CODING,IRA2;QDR1;STE5,IRA2_XV_174976_T_Heterozygous_FRAME_SHIFT;QDR1_IX_134854_A_Heterozygous_NON_SYNONYMOUS_CODING;STE5_IV_660909_A_Heterozygous_NON_SYNONYMOUS_CODING
CTTAGAACAGCTAACGGATTTTTAAGCCCAGAATGGGGTTTGTGTTTTAGGA,FMP30;RET1,FMP30_XVI_358067_A_Heterozygous_NON_SYNONYMOUS_CODING;RET1_XV_732920_A_Heterozygous_NON_SYNONYMOUS_CODING,,
AAGCTAAGGGGGAAGTATGTTGCGCATACCCAACGAAATTGTGTTTTTTTGA,BEM2,BEM2_V_478447_CA_Heterozygous_FRAME_SHIFT,BEM2,BEM2_V_478447_CA_Heterozygous_FRAME_SHIFT
CAAGAAATAGGGAACCTGCTTAAAGGATATAAACTTTGTTTGTTCTTTAGGT,UBC4,UBC4_II_406729_C_Heterozygous_NON_SYNONYMOUS_CODING,UBC4,UBC4_II_406729_C_Heterozygous_NON_SYNONYMOUS_CODING
CAACAAAACAGTAATAATGTTTGCTTCCCAGAATGGGGTTTGTGTTTTAGGA,DSN1;FCY2;SEC59,DSN1_IX_376031_C_Heterozygous_NON_SYNONYMOUS_CODING;FCY2_V_267186_T_Heterozygous_NON_SYNONYMOUS_CODING;SEC59_XIII_295726_G_Heterozygous_NON_SYNONYMOUS_CODING,,
TTGAGAACACGGAACGGTATTTAGTCCACTTAACTTGGTTAACGTTTGCCAG,HXT8;FMP40;MKT1;MKK2;COG1,HXT8_X_27613_G_Heterozygous_NON_SYNONYMOUS_CODING;FMP40_XVI_131462_C_Heterozygous_NON_SYNONYMOUS_CODING;MKT1_XIV_467219_G_Heterozygous_NON_SYNONYMOUS_CODING;MKK2_XVI_287768_C_Heterozygous_NON_SYNONYMOUS_CODING;COG1_VII_80293_C_Heterozygous_NON_SYNONYMOUS_CODING,HXT8;FMP40;MKT1,FMP40_XVI_131462_C_Heterozygous_NON_SYNONYMOUS_CODING;HXT8_X_27613_G_Heterozygous_NON_SYNONYMOUS_CODING;MKT1_XIV_467219_G_Heterozygous_NON_SYNONYMOUS_CODING
CTTTTAACGGAAAACCCACTTAGGTACGCTTAATGGTGTTCGATTTTTGCAG,CET1;PIP2;RBS1;VMA1,CET1_XVI_119296_T_Heterozygous_NON_SYNONYMOUS_CODING;PIP2_XV_1021140_T_Heterozygous_NON_SYNONYMOUS_CODING;RBS1_IV_122394_T_Heterozygous_NON_SYNONYMOUS_CODING;VMA1_IV_128822_A_Heterozygous_STOP_GAINED,,
GTGTCAAGAAACAACGTTCTTACTTTCGGTTAATGGCTTTCTTCTTTGCTTG,NUP116;MGA1;CHA4;YPR117W,NUP116_XIII_365983_A_Heterozygous_CODON_CHANGE_PLUS_CODON_DELETION;MGA1_VII_988865_T_Heterozygous_NON_SYNONYMOUS_CODING;CHA4_XII_338611_G_Heterozygous_NON_SYNONYMOUS_CODING;YPR117W_XVI_760958_T_Heterozygous_NON_SYNONYMOUS_CODING,NUP116;MGA1,MGA1_VII_988865_T_Heterozygous_NON_SYNONYMOUS_CODING;NUP116_XIII_365983_A_Heterozygous_CODON_CHANGE_PLUS_CODON_DELETION
ACATTAATTCCGAAGTGTTTTCACGGCCATGAAAATCGTTTATAATTCTTTC,MAC1;YFL054C;TEL1,MAC1_XIII_317570_CTCTTCGCTTCTATGGATTAGACAATTAACACATGGGCAGCTTTCA_Heterozygous_CODON_CHANGE_PLUS_CODON_INSERTION;YFL054C_VI_21910_C_Heterozygous_NON_SYNONYMOUS_CODING;TEL1_II_53209_T_Heterozygous_STOP_GAINED,MAC1;YFL054C,MAC1_XIII_317570_CTCTTCGCTTCTATGGATTAGACAATTAACACATGGGCAGCTTTCA_Heterozygous_CODON_CHANGE_PLUS_CODON_INSERTION;YFL054C_VI_21910_C_Heterozygous_NON_SYNONYMOUS_CODING
TAAACAACTGATAACTGAATTGCAGACACATAACATGCTTTTTAATTTGTCG,IRA2;CRR1;NOP12;SPT8,IRA2_XV_174832_T_Heterozygous_STOP_GAINED;CRR1_XII_566728_A_Heterozygous_NON_SYNONYMOUS_CODING;NOP12_XV_252644_A_Heterozygous_START_LOST;SPT8_XII_251679_G_Heterozygous_NON_SYNONYMOUS_CODING,IRA2,IRA2_XV_174832_T_Heterozygous_STOP_GAINED
AAGGCAATGCGAAAAACGCTTGGGTCGTGTCAATCGATTTTTTTGTTATGTA,CTF4;YDR249C;YLR149C,CTF4_XVI_801630_T_Heterozygous_NON_SYNONYMOUS_CODING;YDR249C_IV_959196_C_Heterozygous_NON_SYNONYMOUS_CODING;YLR149C_XII_439453_C_Heterozygous_NON_SYNONYMOUS_CODING,,
CGGCAAACCCTGAATATCGTTTAACTAACGAAACAGTGTTGTAATTTTGTGA,IRA1;SRO7;YMR160W,IRA1_II_523180_A_Heterozygous_FRAME_SHIFT;SRO7_XVI_637042_T_Heterozygous_NON_SYNONYMOUS_CODING;YMR160W_XIII_576791_C_Heterozygous_NON_SYNONYMOUS_CODING,IRA1,IRA1_II_523180_A_Heterozygous_FRAME_SHIFT
TCATCAAGGAAAAATTGAATTACTAACCCAGAATGGGGTTTGTGTTTTAGGA,IRA1;PAN1;MCH2,IRA1_II_524131_T_Heterozygous_NON_SYNONYMOUS_CODING;PAN1_IX_367539_C_Heterozygous_FRAME_SHIFT;MCH2_XI_6510_C_Heterozygous_NON_SYNONYMOUS_CODING,IRA1;PAN1,IRA1_II_524131_T_Heterozygous_NON_SYNONYMOUS_CODING;PAN1_IX_367539_C_Heterozygous_FRAME_SHIFT
TTTTAAATACGAAAAGATTTTTCGTCCACATAACATGCTTTTTAATTTGTCG,IRA2;DCC1,IRA2_XV_175118_A_Heterozygous_STOP_GAINED;DCC1_III_95744_A_Heterozygous_NON_SYNONYMOUS_CODING,IRA2,IRA2_XV_175118_A_Heterozygous_STOP_GAINED
TTGTAAATCGCTAACGAATTTGGGCATCATGAAACACATTCATCGTTTACGA,QDR1;STE5;MKT1;DGR2,QDR1_IX_134854_A_Heterozygous_NON_SYNONYMOUS_CODING;STE5_IV_660909_A_Heterozygous_NON_SYNONYMOUS_CODING;MKT1_XIV_467219_G_Heterozygous_NON_SYNONYMOUS_CODING;DGR2_XI_216204_GA_Heterozygous_FRAME_SHIFT,QDR1;STE5;MKT1,MKT1_XIV_467219_G_Heterozygous_NON_SYNONYMOUS_CODING;QDR1_IX_134854_A_Heterozygous_NON_SYNONYMOUS_CODING;STE5_IV_660909_A_Heterozygous_NON_SYNONYMOUS_CODING
AGTAAAAAGACAAAGGTCTTTAGGTTTTGGTAACTGTGTTTTATGTTTTGTT,IRA2;SSN2;YKL047W,IRA2_XV_174316_C_Heterozygous_FRAME_SHIFT;SSN2_IV_1347071_T_Heterozygous_FRAME_SHIFT;YKL047W_XI_349642_A_Heterozygous_NON_SYNONYMOUS_CODING,IRA2,IRA2_XV_174316_C_Heterozygous_FRAME_SHIFT
GTAGCAACCTGTAATTTTTTTATCTCGTGTCAATCGATTTTTTTGTTATGTA,FHL1;UBP3;YBR226C;YML040W,FHL1_XVI_736222_A_Heterozygous_NON_SYNONYMOUS_CODING;UBP3_V_472311_A_Heterozygous_NON_SYNONYMOUS_CODING;YBR226C_II_673355_A_Heterozygous_STOP_GAINED;YML040W_VII_328209_]XIII:196668]A_Heterozygous_GENE_FUSION_HALF,,
TTTACAACGGTGAATATCTTTGAATACCCAGAATGGGGTTTGTGTTTTAGGA,IRA1;PAN2,IRA1_II_524929_C_Heterozygous_NON_SYNONYMOUS_CODING IRA1_II_524931_T_Heterozygous_STOP_GAINED;PAN2_VII_331282_T_Heterozygous_NON_SYNONYMOUS_CODING,IRA1,IRA1_II_524929_C_Heterozygous_NON_SYNONYMOUS_CODING IRA1_II_524931_T_Heterozygous_STOP_GAINED
TAATCAACCTCGAATAGTTTTGTGGCGTGTCAATCGATTTTTTTGTTATGTA,GDH1;MKK1;UTP15,GDH1_XV_1042490_T_Heterozygous_NON_SYNONYMOUS_CODING;MKK1_XV_773607_T_Heterozygous_NON_SYNONYMOUS_CODING;UTP15_XIII_454772_G_Heterozygous_NON_SYNONYMOUS_CODING,,
TCATAAAGTACTAATCTCATTGGCTATCATGAAACACATTCATCGTTTACGA,QDR1;STE5;GPB1,QDR1_IX_134854_A_Heterozygous_NON_SYNONYMOUS_CODING;STE5_IV_660909_A_Heterozygous_NON_SYNONYMOUS_CODING;GPB1_XV_1031614_A_Heterozygous_STOP_GAINED,QDR1;STE5,QDR1_IX_134854_A_Heterozygous_NON_SYNONYMOUS_CODING;STE5_IV_660909_A_Heterozygous_NON_SYNONYMOUS_CODING
ATGAGAAACCTTAACGTGATTAGGTACCCAGAATGGGGTTTGTGTTTTAGGA,GPB2;MRPL11;SRD1,GPB2_I_41290_T_Heterozygous_STOP_GAINED;MRPL11_IV_98575_A_Heterozygous_NON_SYNONYMOUS_CODING;SRD1_III_148278_C_Heterozygous_FRAME_SHIFT,GPB2,GPB2_I_41290_T_Heterozygous_STOP_GAINED
TCCTCAAAAAGTAATTCAGTTAGATCTCATGAAACACATTCATCGTTTACGA,GPB2;QDR1;STE5;MKS1;RPT3;YBR220C;YMR196W,GPB2_I_41630_AT_Heterozygous_FRAME_SHIFT;QDR1_IX_134854_A_Heterozygous_NON_SYNONYMOUS_CODING;STE5_IV_660909_A_Heterozygous_NON_SYNONYMOUS_CODING;MKS1_XIV_484332_A_Heterozygous_NON_SYNONYMOUS_CODING;RPT3_IV_1262831_T_Heterozygous_NON_SYNONYMOUS_CODING;YBR220C_II_664218_A_Heterozygous_NON_SYNONYMOUS_CODING;YMR196W_XIII_657353_A_Heterozygous_NON_SYNONYMOUS_CODING,GPB2;QDR1;STE5,GPB2_I_41630_AT_Heterozygous_FRAME_SHIFT;QDR1_IX_134854_A_Heterozygous_NON_SYNONYMOUS_CODING;STE5_IV_660909_A_Heterozygous_NON_SYNONYMOUS_CODING
GCGGAAAGTAAAAAAGGTTTTGGTCACACATAACATGCTTTTTAATTTGTCG,IRA2;HOP1;NUP57;YFR006W;YLR253W,IRA2_XV_175301_A_Heterozygous_STOP_GAINED;HOP1_IX_227824_T_Heterozygous_NON_SYNONYMOUS_CODING;NUP57_VII_729401_C_Heterozygous_NON_SYNONYMOUS_CODING;YFR006W_VI_156819_A_Heterozygous_NON_SYNONYMOUS_CODING;YLR253W_XII_642985_A_Heterozygous_NON_SYNONYMOUS_CODING,IRA2,IRA2_XV_175301_A_Heterozygous_STOP_GAINED
TTCGCAATAGCAAACCCTATTCATTTCACATAACATGCTTTTTAATTTGTCG,IRA2;HSL7,IRA2_XV_178580_A_Heterozygous_STOP_GAINED;HSL7_II_503560_A_Heterozygous_NON_SYNONYMOUS_CODING,IRA2,IRA2_XV_178580_A_Heterozygous_STOP_GAINED
AGGTAAAGGAACAAAGCCTTTGTAGGGTGTCAATCGATTTTTTTGTTATGTA,HXT2;LCB4;RRT12;SSO1,HXT2_XIII_289569_A_Heterozygous_NON_SYNONYMOUS_CODING;LCB4_XV_653292_A_Heterozygous_NON_SYNONYMOUS_CODING;RRT12_III_208439_A_Heterozygous_NON_SYNONYMOUS_CODING;SSO1_XVI_107524_C_Heterozygous_NON_SYNONYMOUS_CODING,,
ATAGAAAATTTCAATGGGATTATGCTTTTCTAATAGCCTTAAGTCTTGTTCA,IRA1;RPB2,IRA1_II_521918_A_Heterozygous_STOP_GAINED;RPB2_XV_615033_G_Heterozygous_NON_SYNONYMOUS_CODING,IRA1,IRA1_II_521918_A_Heterozygous_STOP_GAINED
CCTCTAAACGAAAAACACTTTTGCCCAACGAAACAGTGTTGTAATTTTGTGA,IRA1;IRC6;PHO2;YLR311C;YOL046C,IRA1_II_523396_T_Heterozygous_NON_SYNONYMOUS_CODING;IRC6_VI_239767_C_Heterozygous_NON_SYNONYMOUS_CODING;PHO2_IV_270275_T_Heterozygous_NON_SYNONYMOUS_CODING;YLR311C_XII_757413_C_Heterozygous_FRAME_SHIFT;YOL046C_XV_243816_AC_Heterozygous_FRAME_SHIFT,IRA1,IRA1_II_523396_T_Heterozygous_NON_SYNONYMOUS_CODING
CGTACAAAACGTAAGCACTTTATAAGTTATCAAACTTGTTTTTCGTTCCATG,IRA2;PLM2,IRA2_XV_178732_GT_Heterozygous_FRAME_SHIFT+STOP_GAINED;PLM2_IV_1451746_T_Heterozygous_NON_SYNONYMOUS_CODING,IRA2,IRA2_XV_178732_GT_Heterozygous_FRAME_SHIFT+STOP_GAINED
ACTAAAACCCTTAATATGGTTTACAAGTGTCAATCGATTTTTTTGTTATGTA,IRA2;MCH1,IRA2_XV_176478_A_Heterozygous_STOP_GAINED;MCH1_IV_361176_C_Heterozygous_STOP_GAINED,IRA2,IRA2_XV_176478_A_Heterozygous_STOP_GAINED
CCAAGAAACTAGAATTGTTTTACTCATTGGTAACTGTGTTTTATGTTTTGTT,IRA2;MET13,IRA2_XV_173083_AAGATGTTGCTAAGAAATTTAAATGGGAATCAAGCTGTATC_Heterozygous_FRAME_SHIFT;MET13_VII_273314_C_Heterozygous_NON_SYNONYMOUS_CODING,IRA2,IRA2_XV_173083_AAGATGTTGCTAAGAAATTTAAATGGGAATCAAGCTGTATC_Heterozygous_FRAME_SHIFT
GTATCAACTTAAAAGAATGTTCGACCCACATAACATGCTTTTTAATTTGTCG,IRA2,IRA2_XV_177203_A_Heterozygous_STOP_GAINED,IRA2,IRA2_XV_177203_A_Heterozygous_STOP_GAINED
AAAGGAACTTAAAAACGAATTCAACATACCCAACGAAATTGTGTTTTTTTGA,IRA2;PAU15,IRA2_XV_175375_GATGATGACAATTATGTA_Heterozygous_FRAME_SHIFT+STOP_GAINED;PAU15_IX_434220_A_Heterozygous_NON_SYNONYMOUS_CODING,IRA2,IRA2_XV_175375_GATGATGACAATTATGTA_Heterozygous_FRAME_SHIFT+STOP_GAINED
CCAGAAACTGGGAATAGCGTTGGTTGCGGTTAATGGCTTTCTTCTTTGCTTG,IRA2;NUP116;MGA1;REE1;YBR284W,IRA2_XV_177571_GA_Heterozygous_FRAME_SHIFT IRA2_XV_177569_A_Heterozygous_NON_SYNONYMOUS_CODING IRA2_XV_177568_TA_Heterozygous_FRAME_SHIFT;NUP116_XIII_365983_A_Heterozygous_CODON_CHANGE_PLUS_CODON_DELETION;MGA1_VII_988865_T_Heterozygous_NON_SYNONYMOUS_CODING;REE1_X_23613_T_Heterozygous_NON_SYNONYMOUS_CODING;YBR284W_II_771627_G_Heterozygous_NON_SYNONYMOUS_CODING,IRA2;NUP116;MGA1,IRA2_XV_177571_GA_Heterozygous_FRAME_SHIFT IRA2_XV_177569_A_Heterozygous_NON_SYNONYMOUS_CODING IRA2_XV_177568_TA_Heterozygous_FRAME_SHIFT;MGA1_VII_988865_T_Heterozygous_NON_SYNONYMOUS_CODING;NUP116_XIII_365983_A_Heterozygous_CODON_CHANGE_PLUS_CODON_DELETION
ATGACAACAAGAAAGCTCATTTACGCCGGGGAATATTCTTCAGTTTTGCGGT,TRS130;YML082W,TRS130_XIII_704744_A_Heterozygous_NON_SYNONYMOUS_CODING;YML082W_XIII_102330_A_Heterozygous_NON_SYNONYMOUS_CODING,,
CGACAAAGTGGTAAGGTCGTTTTGGGTACCCAACGAAATTGTGTTTTTTTGA,RHO5,RHO5_XIV_300587_C_Heterozygous_NON_SYNONYMOUS_CODING,RHO5,RHO5_XIV_300587_C_Heterozygous_NON_SYNONYMOUS_CODING
CATAAAATCAATAAATGTGTTCTGCGTCCGAACGCAGTTTCGTGTTAGGGT,RAS1;KAP104;YLR211C,RAS1_XV_515374_C_Heterozygous_NON_SYNONYMOUS_CODING;KAP104_II_272021_A_Heterozygous_NON_SYNONYMOUS_CODING;YLR211C_XII_564113_A_Heterozygous_NON_SYNONYMOUS_CODING,RAS1;KAP104,KAP104_II_272021_A_Heterozygous_NON_SYNONYMOUS_CODING;RAS1_XV_515374_C_Heterozygous_NON_SYNONYMOUS_CODING
TTTTAAACCTACAAGACAGTTCTGGACCCAGAATGGGGTTTGTGTTTTAGGA,KEX1;PSE1;TCO89,KEX1_VII_114328_A_Heterozygous_NON_SYNONYMOUS_CODING;PSE1_XIII_890749_A_Heterozygous_NON_SYNONYMOUS_CODING;TCO89_XVI_206041_A_Heterozygous_NON_SYNONYMOUS_CODING,,
CAACGAATGACGAAACAGGTTGTGATAAGCAAATAGAATTGTACGTTTGCCA,KGD2,KGD2_IV_754479_G_Heterozygous_CODON_CHANGE_PLUS_CODON_DELETION,KGD2,KGD2_IV_754479_G_Heterozygous_CODON_CHANGE_PLUS_CODON_DELETION
TACCTAATCACAAAGCCAGTTCTTCGATATAAACTTTGTTTGTTCTTTAGGT,MAC1,MAC1_XIII_317583_C_Heterozygous_NON_SYNONYMOUS_CODING,MAC1,MAC1_XIII_317583_C_Heterozygous_NON_SYNONYMOUS_CODING
CTGCAAAGCACCAAGTGGGTTACGTGATATAAACTTTGTTTGTTCTTTAGGT,MAC1,MAC1_XIII_317580_A_Heterozygous_NON_SYNONYMOUS_CODING,MAC1,MAC1_XIII_317580_A_Heterozygous_NON_SYNONYMOUS_CODING
TTCAAAATGAACAACCTCTTTTCCGTTTATCAAACTTGTTTTTCGTTCCATG,RAS1;NMD2;PPR1,RAS1_XV_515298_T_Heterozygous_NON_SYNONYMOUS_CODING;NMD2_VIII_255321_C_Heterozygous_NON_SYNONYMOUS_CODING;PPR1_XII_174025_T_Heterozygous_NON_SYNONYMOUS_CODING,RAS1,RAS1_XV_515298_T_Heterozygous_NON_SYNONYMOUS_CODING
AATTCAACAAAAAAGACTTTTAATGAATATAAACTTTGTTTGTTCTTTAGGT,PSR1,PSR1_XII_129503_C_Heterozygous_NON_SYNONYMOUS_CODING,PSR1,PSR1_XII_129503_C_Heterozygous_NON_SYNONYMOUS_CODING
TATGAAACATGGAATCTCATTGCATTTCATGAAACACATTCATCGTTTACGA,QDR1;STE5,QDR1_IX_134854_A_Heterozygous_NON_SYNONYMOUS_CODING;STE5_IV_660909_A_Heterozygous_NON_SYNONYMOUS_CODING,QDR1;STE5,QDR1_IX_134854_A_Heterozygous_NON_SYNONYMOUS_CODING;STE5_IV_660909_A_Heterozygous_NON_SYNONYMOUS_CODING
AAGACAAGGTGTAATGCTGTTAAATCATATAAACTTTGTTTGTTCTTTAGGT,RHO2;WHI3,RHO2_XIV_457043_T_Heterozygous_NON_SYNONYMOUS_CODING;WHI3_XIV_269297_G_Heterozygous_NON_SYNONYMOUS_CODING,,
ACTATAATCGGCAACGCATTTGGTCACGAGAAACAAGTTTGTAACTTGCGGG,YJR061W,YJR061W_X_552141_T_Heterozygous_NON_SYNONYMOUS_CODING,YJR061W,YJR061W_X_552141_T_Heterozygous_NON_SYNONYMOUS_CODING
ATCTCAAACCCGAATATTCTTCCCGCTACCCAACGAAATTGTGTTTTTTTGA,STO1;UBP10,STO1_XIII_519590_GA_Heterozygous_FRAME_SHIFT+STOP_LOST;UBP10_XIV_291355_T_Heterozygous_NON_SYNONYMOUS_CODING,,
AATACAAACATTAAAGGACTTTTATAATTTCAAGATTCTTTACGGTTGGGGG,PDR1;OCT1;SAP185;YGR066C;YKL063C;NFI1,PDR1_VII_469160_C_Heterozygous_NON_SYNONYMOUS_CODING;OCT1_XI_191192_A_Heterozygous_NON_SYNONYMOUS_CODING;SAP185_X_243936_GA_Heterozygous_FRAME_SHIFT;YGR066C_VII_621705_A_Heterozygous_NON_SYNONYMOUS_CODING;YKL063C_XI_321290_A_Heterozygous_NON_SYNONYMOUS_CODING;NFI1_XV_629519_A_Heterozygous_NON_SYNONYMOUS_CODING,PDR1,PDR1_VII_469160_C_Heterozygous_NON_SYNONYMOUS_CODING
ACGTAAACCAAGAATTTATTTCCGATTTATTAACTTCATTAGTAATTTGTTG,PDR1;VAB2;ECO1;GUF1;YKR078W;RPL8A;PEP5,PDR1_VII_469996_C_Heterozygous_NON_SYNONYMOUS_CODING;VAB2_V_146702_C_Heterozygous_NON_SYNONYMOUS_CODING;ECO1_VI_207802_G_Heterozygous_STOP_GAINED ECO1_VI_207801_T_Heterozygous_NON_SYNONYMOUS_CODING;GUF1_XII_715782_C_Heterozygous_NON_SYNONYMOUS_CODING;YKR078W_XI_585814_A_Heterozygous_NON_SYNONYMOUS_CODING;RPL8A_VIII_35707_G_Heterozygous_NON_SYNONYMOUS_CODING;PEP5_XIII_736425_A_Heterozygous_NON_SYNONYMOUS_CODING,PDR1,PDR1_VII_469996_C_Heterozygous_NON_SYNONYMOUS_CODING
ATTGCAAGATTGAAGTAAATTTCCCGATTTCAAGATTCTTTACGGTTGGGGG,PDR1;BPT1;RPN1,PDR1_VII_469714_T_Heterozygous_NON_SYNONYMOUS_CODING;BPT1_XII_120538_G_Heterozygous_NON_SYNONYMOUS_CODING;RPN1_VIII_163614_G_Heterozygous_NON_SYNONYMOUS_CODING,PDR1,PDR1_VII_469714_T_Heterozygous_NON_SYNONYMOUS_CODING
ATACTAAAAACCAAGGTAATTTTTTCTTATTAACTTCATTAGTAATTTGTTG,PDR1,PDR1_VII_469822_T_Heterozygous_NON_SYNONYMOUS_CODING,PDR1,PDR1_VII_469822_T_Heterozygous_NON_SYNONYMOUS_CODING
TACAAAACATTAAAATCTTTTACATTGGGACAAGTGGGTTGGAGGTTGGGGG,HAP1;URA3;DIM1,HAP1_XII_650834_G_Homozygous_NON_SYNONYMOUS_CODING HAP1_XII_650867_A_Homozygous_NON_SYNONYMOUS_CODING HAP1_XII_650867_A_Heterozygous_NON_SYNONYMOUS_CODING HAP1_XII_650834_G_Heterozygous_NON_SYNONYMOUS_CODING;URA3_V_116417_G_Heterozygous_NON_SYNONYMOUS_CODING;DIM1_XVI_39725_G_Heterozygous_NON_SYNONYMOUS_CODING,HAP1;URA3,HAP1_XII_650834_G_Homozygous_NON_SYNONYMOUS_CODING HAP1_XII_650867_A_Homozygous_NON_SYNONYMOUS_CODING HAP1_XII_650867_A_Heterozygous_NON_SYNONYMOUS_CODING HAP1_XII_650834_G_Heterozygous_NON_SYNONYMOUS_CODING;URA3_V_116417_G_Heterozygous_NON_SYNONYMOUS_CODING
GGTATAAATTATAAATGAGTTTATTGTTTTGAACCTTATTTGGCCTTGGGAG,DPH1,DPH1_IX_171953_T_Heterozygous_NON_SYNONYMOUS_CODING,DPH1,DPH1_IX_171953_T_Heterozygous_NON_SYNONYMOUS_CODING
CCGAGAACACCGAAGAAAGTTGCACATTATTAACTTCATTAGTAATTTGTTG,PDR1;EXO1;FAB1,PDR1_VII_470102_A_Heterozygous_NON_SYNONYMOUS_CODING;EXO1_XV_392445_T_Heterozygous_NON_SYNONYMOUS_CODING;FAB1_VI_190457_G_Heterozygous_NON_SYNONYMOUS_CODING,PDR1,PDR1_VII_470102_A_Heterozygous_NON_SYNONYMOUS_CODING
CTCAAAATTGAGAATACCGTTAAGCTATTTCAAGATTCTTTACGGTTGGGGG,PDR3;FDH1,PDR3_II_218305_C_Heterozygous_NON_SYNONYMOUS_CODING;FDH1_XV_1072829_T_Heterozygous_NON_SYNONYMOUS_CODING,PDR3,PDR3_II_218305_C_Heterozygous_NON_SYNONYMOUS_CODING
GAAAAAAGATCGAAATACATTCACATGTTTAAAACGGTTTTCTTTTTAGTTG,PDR1;HFA1,PDR1_VII_469992_T_Heterozygous_NON_SYNONYMOUS_CODING;HFA1_XIII_680527_T_Heterozygous_NON_SYNONYMOUS_CODING,PDR1,PDR1_VII_469992_T_Heterozygous_NON_SYNONYMOUS_CODING
CGTGCAATCGTCAAGTTTGTTTGGACTTTTGAACCTTATTTGGCCTTGGGAG,PDR1,PDR1_VII_469814_T_Heterozygous_NON_SYNONYMOUS_CODING,PDR1,PDR1_VII_469814_T_Heterozygous_NON_SYNONYMOUS_CODING
TATCGAAGCACCAAACAACTTCCGGTTTATTAACTTCATTAGTAATTTGTTG,PDR1;IRC24,PDR1_VII_469171_T_Heterozygous_NON_SYNONYMOUS_CODING;IRC24_IX_422171_T_Heterozygous_NON_SYNONYMOUS_CODING,PDR1,PDR1_VII_469171_T_Heterozygous_NON_SYNONYMOUS_CODING
AGGCAAACAGATAATAGTCTTCGCAAATTTCAAGATTCTTTACGGTTGGGGG,PDR1;MAK11;RAD54,PDR1_VII_470015_T_Heterozygous_NON_SYNONYMOUS_CODING;MAK11_XI_398709_CA_Heterozygous_FRAME_SHIFT;RAD54_VII_195614_A_Heterozygous_NON_SYNONYMOUS_CODING,PDR1,PDR1_VII_470015_T_Heterozygous_NON_SYNONYMOUS_CODING
GGAGAAACAGAAAACAGTTTTCTCGATTTTGAACCTTATTTGGCCTTGGGAG,PDR1;RPO21;NUP133,PDR1_VII_469849_T_Heterozygous_NON_SYNONYMOUS_CODING;RPO21_IV_205511_T_Heterozygous_NON_SYNONYMOUS_CODING;NUP133_XI_594060_C_Heterozygous_NON_SYNONYMOUS_CODING,PDR1;RPO21,PDR1_VII_469849_T_Heterozygous_NON_SYNONYMOUS_CODING;RPO21_IV_205511_T_Heterozygous_NON_SYNONYMOUS_CODING
CTTAAAAATCGTAAGAATGTTACAATTTTTGAACCTTATTTGGCCTTGGGAG,PDR1,PDR1_VII_470681_C_Heterozygous_NON_SYNONYMOUS_CODING,PDR1,PDR1_VII_470681_C_Heterozygous_NON_SYNONYMOUS_CODING
CCTTCAATTAATAATTTTGTTAGATTATTTCAAGATTCTTTACGGTTGGGGG,PDR1,PDR1_VII_469946_T_Heterozygous_NON_SYNONYMOUS_CODING,PDR1,PDR1_VII_469946_T_Heterozygous_NON_SYNONYMOUS_CODING
CATAGAAGATTTAAGTTTTTTGTCAATTTTGAACCTTATTTGGCCTTGGGAG,PDR1,PDR1_VII_469838_C_Heterozygous_NON_SYNONYMOUS_CODING,PDR1,PDR1_VII_469838_C_Heterozygous_NON_SYNONYMOUS_CODING
ACGTAAATATTAAATCTGGTTGTGAGGTTTAAAACGGTTTTCTTTTTAGTTG,PDR1,PDR1_VII_469849_T_Heterozygous_NON_SYNONYMOUS_CODING,PDR1,PDR1_VII_469849_T_Heterozygous_NON_SYNONYMOUS_CODING
CAGCCAACGGGCAAGAGTTTTAGTCGTTATTAACTTCATTAGTAATTTGTTG,PDR1,PDR1_VII_469849_T_Heterozygous_NON_SYNONYMOUS_CODING,PDR1,PDR1_VII_469849_T_Heterozygous_NON_SYNONYMOUS_CODING
GCTTAAATGGGTAACCGTATTCTAGTATTTCAAGATTCTTTACGGTTGGGGG,PDR1;POB3;PRP16;REV3,PDR1_VII_469709_G_Heterozygous_NON_SYNONYMOUS_CODING;POB3_XIII_135691_A_Heterozygous_STOP_GAINED;PRP16_XI_601108_A_Heterozygous_NON_SYNONYMOUS_CODING;REV3_XVI_236619_CA_Heterozygous_FRAME_SHIFT,PDR1,PDR1_VII_469709_G_Heterozygous_NON_SYNONYMOUS_CODING
CCGGCAACCGTGAAATGACTTATAGCTTATTAACTTCATTAGTAATTTGTTG,PDR1,PDR1_VII_471454_A_Heterozygous_NON_SYNONYMOUS_CODING,PDR1,PDR1_VII_471454_A_Heterozygous_NON_SYNONYMOUS_CODING
TAAGGAAGTACAAATTAACTTGATTGTTATTAACTTCATTAGTAATTTGTTG,PDR1,PDR1_VII_471467_C_Heterozygous_NON_SYNONYMOUS_CODING,PDR1,PDR1_VII_471467_C_Heterozygous_NON_SYNONYMOUS_CODING
TACCTAATAAGAAAAGTCGTTCTTGTATTTCAAGATTCTTTACGGTTGGGGG,PDR1,PDR1_VII_469849_T_Heterozygous_NON_SYNONYMOUS_CODING,PDR1,PDR1_VII_469849_T_Heterozygous_NON_SYNONYMOUS_CODING
CTGTAAACACATAAATTGCTTTCGACTTATTAACTTCATTAGTAATTTGTTG,PDR1,PDR1_VII_469849_T_Heterozygous_NON_SYNONYMOUS_CODING,PDR1,PDR1_VII_469849_T_Heterozygous_NON_SYNONYMOUS_CODING
CGGGGAAATCTGAACCCATTTCATTATTATTAACTTCATTAGTAATTTGTTG,PDR1,PDR1_VII_469849_T_Heterozygous_NON_SYNONYMOUS_CODING,PDR1,PDR1_VII_469849_T_Heterozygous_NON_SYNONYMOUS_CODING
GGGTAAAGGGTTAAGCGATTTGCGAGTTTTGAACCTTATTTGGCCTTGGGAG,PDR3,PDR3_II_220339_A_Heterozygous_NON_SYNONYMOUS_CODING,PDR3,PDR3_II_220339_A_Heterozygous_NON_SYNONYMOUS_CODING
GAAGTAAAGATAAATGTCCTTTGTATGTTTAAAACGGTTTTCTTTTTAGTTG,PDR3,PDR3_II_218285_T_Heterozygous_NON_SYNONYMOUS_CODING,PDR3,PDR3_II_218285_T_Heterozygous_NON_SYNONYMOUS_CODING
AGGGGAACGGGAAAGGGAGTTGAGACTTATTAACTTCATTAGTAATTTGTTG,PDR3,PDR3_II_219787_T_Heterozygous_NON_SYNONYMOUS_CODING,PDR3,PDR3_II_219787_T_Heterozygous_NON_SYNONYMOUS_CODING
CTCTAAAAGGACAAGTTCTTTTGTGGTTATTAACTTCATTAGTAATTTGTTG,PDR3;RTS2,PDR3_II_218312_T_Heterozygous_NON_SYNONYMOUS_CODING;RTS2_XV_472056_T_Heterozygous_NON_SYNONYMOUS_CODING,PDR3,PDR3_II_218312_T_Heterozygous_NON_SYNONYMOUS_CODING
CTGTCAATTGTTAACCTGTTTTATGGATTTCAAGATTCTTTACGGTTGGGGG,PDR3,PDR3_II_218312_T_Heterozygous_NON_SYNONYMOUS_CODING,PDR3,PDR3_II_218312_T_Heterozygous_NON_SYNONYMOUS_CODING
GTGGAAATAGCGAAGATGGTTAGTTTCATTTAATAGTGTTTGCGTTTAATCT,SFT1,SFT1_XI_430289_A_Heterozygous_NON_SYNONYMOUS_CODING,SFT1,SFT1_XI_430289_A_Heterozygous_NON_SYNONYMOUS_CODING
CTAATAACCACAAAACAGCTTATATATTTTGAACCTTATTTGGCCTTGGGAG,YKR023W,YKR023W_XI_483884_T_Heterozygous_STOP_GAINED,YKR023W,YKR023W_XI_483884_T_Heterozygous_STOP_GAINED
CAATGAAACTAAAAAGAATTTTTACGGGGACAAGTGGGTTGGAGGTTGGGGG,PET494;AFT1;AHC2;CLB1,PET494_XIV_707199_G_Heterozygous_NON_SYNONYMOUS_CODING;AFT1_VII_372883_A_Heterozygous_NON_SYNONYMOUS_CODING;AHC2_III_259023_C_Heterozygous_NON_SYNONYMOUS_CODING;CLB1_VII_704801_C_Heterozygous_NON_SYNONYMOUS_CODING,PET494,PET494_XIV_707199_G_Heterozygous_NON_SYNONYMOUS_CODING
AGGTTAAACGCAAACAGTATTTCGCTATCACAATATGTTTACGTATTGTCCT,WHI2;HAC1;RPL6B;STP3,WHI2_XV_411734_C_Heterozygous_NON_SYNONYMOUS_CODING;HAC1_VI_75231_C_Heterozygous_NON_SYNONYMOUS_CODING;RPL6B_XII_1029320_C_Heterozygous_NON_SYNONYMOUS_CODING;STP3_XII_871913_A_Heterozygous_NON_SYNONYMOUS_CODING,WHI2,WHI2_XV_411734_C_Heterozygous_NON_SYNONYMOUS_CODING
TTTTAAACTGTGAAGTCGTTTTAGTTGGGACAAGTGGGTTGGAGGTTGGGGG,YDR370C;AIM39,YDR370C_IV_1218242_G_Heterozygous_NON_SYNONYMOUS_CODING;AIM39_XV_230226_C_Heterozygous_NON_SYNONYMOUS_CODING,YDR370C,YDR370C_IV_1218242_G_Heterozygous_NON_SYNONYMOUS_CODING
TTCCGAAAATTGAAAGTCGTTTATTGCGAATAATCAAGTTTATTGTTTAATT,PHO91;SEC4;YLR063W;AKL1;LEU9,PHO91_XIV_649580_A_Heterozygous_FRAME_SHIFT;SEC4_VI_130977_T_Heterozygous_NON_SYNONYMOUS_CODING;YLR063W_XII_264567_A_Heterozygous_STOP_GAINED;AKL1_II_358131_C_Heterozygous_NON_SYNONYMOUS_CODING;LEU9_XV_523925_T_Heterozygous_NON_SYNONYMOUS_CODING,PHO91;SEC4;YLR063W,PHO91_XIV_649580_A_Heterozygous_FRAME_SHIFT;SEC4_VI_130977_T_Heterozygous_NON_SYNONYMOUS_CODING;YLR063W_XII_264567_A_Heterozygous_STOP_GAINED
GCGTAAATTTTCAATTAAGTTTTTTTCCATTTAATAGTGTTTGCGTTTAATCT,ALG12,ALG12_XIV_680014_G_Heterozygous_FRAME_SHIFT,ALG12,ALG12_XIV_680014_G_Heterozygous_FRAME_SHIFT
AAGACAATATGGAACACTGTTAACCAGGGACAAGTGGGTTGGAGGTTGGGGG,ARG4,ARG4_VIII_140205_A_Heterozygous_NON_SYNONYMOUS_CODING,ARG4,ARG4_VIII_140205_A_Heterozygous_NON_SYNONYMOUS_CODING
TTCTTAATCGATAATTACTTTGTATACATTTAATAGTGTTTGCGTTTAATCT,IRA1;HEM3;ARO10,IRA1_II_526432_A_Heterozygous_NON_SYNONYMOUS_CODING;HEM3_IV_93115_A_Heterozygous_NON_SYNONYMOUS_CODING;ARO10_IV_1236108_C_Heterozygous_NON_SYNONYMOUS_CODING,IRA1;HEM3;ARO10,ARO10_IV_1236108_C_Heterozygous_NON_SYNONYMOUS_CODING;HEM3_IV_93115_A_Heterozygous_NON_SYNONYMOUS_CODING;IRA1_II_526432_A_Heterozygous_NON_SYNONYMOUS_CODING
TTTAAAAACTATAACTACATTTGTCACCTCAAAGCAAATTGTTTGTTTACGT,WHI2;BNI4,WHI2_XV_411354_C_Heterozygous_FRAME_SHIFT;BNI4_XIV_212950_C_Heterozygous_NON_SYNONYMOUS_CODING,WHI2,WHI2_XV_411354_C_Heterozygous_FRAME_SHIFT
CCATTAACGTGAAAAGTCTTTCGTTTCATTTAATAGTGTTTGCGTTTAATCT,PSY2;ARP8;NUP60;STB5,PSY2_XIV_262193_.GACTAATAGAGCTTTATGATACCAAAACCCTTCCAGAAAGCTCTTCAGAGAAGGAGAAGTTTGTAC_Heterozygous_STOP_GAINED+CODON_INSERTION;ARP8_XV_591668_A_Heterozygous_NON_SYNONYMOUS_CODING;NUP60_I_152522_G_Heterozygous_NON_SYNONYMOUS_CODING;STB5_VIII_460694_G_Heterozygous_NON_SYNONYMOUS_CODING,PSY2,PSY2_XIV_262193_.GACTAATAGAGCTTTATGATACCAAAACCCTTCCAGAAAGCTCTTCAGAGAAGGAGAAGTTTGTAC_Heterozygous_STOP_GAINED+CODON_INSERTION
TCCGTAATTCTAAAATACATTTACCGTGCGAAAGGATGTTAAGAGTTTTCGG,ARR3;NOP14;YBL100W-B;YLR283W,ARR3_XVI_940703_A_Heterozygous_NON_SYNONYMOUS_CODING;NOP14_IV_188696_T_Heterozygous_NON_SYNONYMOUS_CODING;YBL100W-B_II_31415_T_Heterozygous_NON_SYNONYMOUS_CODING;YLR283W_XII_705656_T_Heterozygous_NON_SYNONYMOUS_CODING,,
TTTAAAATTTACAAAAACGTTGATCACCTCAAAGCAAATTGTTTGTTTACGT,NDI1,NDI1_XIII_28915_C_Heterozygous_NON_SYNONYMOUS_CODING,NDI1,NDI1_XIII_28915_C_Heterozygous_NON_SYNONYMOUS_CODING
GTCAAAACCCTCAATGGAATTTCCGGGGGACAAGTGGGTTGGAGGTTGGGGG,BEM2,BEM2_V_479835_T_Heterozygous_NON_SYNONYMOUS_CODING BEM2_V_479836_A_Heterozygous_NON_SYNONYMOUS_CODING,BEM2,BEM2_V_479835_T_Heterozygous_NON_SYNONYMOUS_CODING BEM2_V_479836_A_Heterozygous_NON_SYNONYMOUS_CODING
CGGAAAAGGCCTAAACACATTAATAGCCTCAAAGCAAATTGTTTGTTTACGT,BRR2;PUP3,BRR2_V_532865_T_Heterozygous_NON_SYNONYMOUS_CODING;PUP3_V_348974_T_Heterozygous_NON_SYNONYMOUS_CODING,,
TCATAAAGTGTCAAATCTATTGAGATTACATAAAAAGTTTAACGATTTCATC,WHI2;YML018C,WHI2_XV_411290_T_Heterozygous_STOP_GAINED;YML018C_XIII_235116_T_Heterozygous_NON_SYNONYMOUS_CODING,WHI2,WHI2_XV_411290_T_Heterozygous_STOP_GAINED
TACTTAAAAGAGAACACTTTTTGCTGTACATAAAAAGTTTAACGATTTCATC,WHI2;SKI3,WHI2_XV_411290_T_Heterozygous_STOP_GAINED;SKI3_XVI_913220_A_Heterozygous_NON_SYNONYMOUS_CODING,WHI2,WHI2_XV_411290_T_Heterozygous_STOP_GAINED
ACGAAAAATAACAATAATGTTTAGTGTACATAAAAAGTTTAACGATTTCATC,WHI2,WHI2_XV_411290_T_Heterozygous_STOP_GAINED,WHI2,WHI2_XV_411290_T_Heterozygous_STOP_GAINED
CTGTTAACTACAAACTTATTTCGTCCTACATAAAAAGTTTAACGATTTCATC,WHI2;PDR11;SPT16,WHI2_XV_411290_T_Heterozygous_STOP_GAINED;PDR11_IX_328704_G_Heterozygous_NON_SYNONYMOUS_CODING;SPT16_VII_99927_A_Heterozygous_NON_SYNONYMOUS_CODING,WHI2,WHI2_XV_411290_T_Heterozygous_STOP_GAINED
TCCGAAAAATAGAACCGCCTTCGGTCTACATAAAAAGTTTAACGATTTCATC,WHI2;MFB1,WHI2_XV_411290_T_Heterozygous_STOP_GAINED;MFB1_IV_906369_T_Heterozygous_NON_SYNONYMOUS_CODING,WHI2,WHI2_XV_411290_T_Heterozygous_STOP_GAINED
TTGATAATATATAATATATTTGGGAATACATAAAAAGTTTAACGATTTCATC,WHI2;YJL045W,WHI2_XV_411290_T_Heterozygous_STOP_GAINED;YJL045W_X_357819_A_Heterozygous_STOP_GAINED,WHI2,WHI2_XV_411290_T_Heterozygous_STOP_GAINED
CCCTTAAAATAGAATCAGTTTTTATGTACATAAAAAGTTTAACGATTTCATC,WHI2;TAF1,WHI2_XV_411290_T_Heterozygous_STOP_GAINED;TAF1_VII_1043063_T_Heterozygous_NON_SYNONYMOUS_CODING,WHI2,WHI2_XV_411290_T_Heterozygous_STOP_GAINED
AGGCAAACACTTAATTAGATTTAAAGAACTAAATACCCTTTCAATTTGATGC,YIL169C;RPO26;SKI2;TPA1,YIL169C_IX_24275_A_Heterozygous_NON_SYNONYMOUS_CODING;RPO26_XVI_911707_C_Heterozygous_NON_SYNONYMOUS_CODING;SKI2_XII_918881_T_Heterozygous_NON_SYNONYMOUS_CODING;TPA1_V_252487_T_Heterozygous_NON_SYNONYMOUS_CODING,YIL169C,YIL169C_IX_24275_A_Heterozygous_NON_SYNONYMOUS_CODING
TTATAAAGGGTTAACACATTTAAGTACATTTAATAGTGTTTGCGTTTAATCT,CHC1;CUS1;SUB1,CHC1_VII_102994_T_Heterozygous_NON_SYNONYMOUS_CODING;CUS1_XIII_750976_A_Heterozygous_NON_SYNONYMOUS_CODING;SUB1_XIII_348657_T_Heterozygous_NON_SYNONYMOUS_CODING,,
ATCAGAAAAGCAAACGTATTTAATTAAACTAAATACCCTTTCAATTTGATGC,HAP1;YGR153W,HAP1_XII_650834_G_Homozygous_NON_SYNONYMOUS_CODING HAP1_XII_650867_A_Homozygous_NON_SYNONYMOUS_CODING;YGR153W_VII_796177_A_Heterozygous_STOP_GAINED,HAP1,HAP1_XII_650834_G_Homozygous_NON_SYNONYMOUS_CODING HAP1_XII_650867_A_Homozygous_NON_SYNONYMOUS_CODING
TTTCTAAATCTTAATCCAATTTCTAACATTTAATAGTGTTTGCGTTTAATCT,IMA1;MSS11;SDO1;SLM2,IMA1_VII_1067832_C_Heterozygous_NON_SYNONYMOUS_CODING;MSS11_XIII_587686_CTAT_Heterozygous_CODON_INSERTION;SDO1_XII_184762_A_Heterozygous_NON_SYNONYMOUS_CODING;SLM2_XIV_540050_A_Heterozygous_NON_SYNONYMOUS_CODING,,
CGCCTAAAACCTAATATGCTTCGTTAAACGTAAATCCATTTCCCATTGATCC,ERG24;ECM21;IQG1;YIP5;YTA12,ERG24_XIV_110193_T_Heterozygous_STOP_GAINED;ECM21_II_26592_T_Heterozygous_NON_SYNONYMOUS_CODING;IQG1_XVI_93552_A_Heterozygous_NON_SYNONYMOUS_CODING;YIP5_VII_199534_C_Heterozygous_NON_SYNONYMOUS_CODING;YTA12_XIII_446174_T_Heterozygous_NON_SYNONYMOUS_CODING,ERG24,ERG24_XIV_110193_T_Heterozygous_STOP_GAINED
TAATCAATAAATAATAGGATTTCGGCGGGACAAGTGGGTTGGAGGTTGGGGG,HEM3;YDR370C,HEM3_IV_93276_T_Heterozygous_NON_SYNONYMOUS_CODING;YDR370C_IV_1218242_G_Heterozygous_NON_SYNONYMOUS_CODING,HEM3;YDR370C,HEM3_IV_93276_T_Heterozygous_NON_SYNONYMOUS_CODING;YDR370C_IV_1218242_G_Heterozygous_NON_SYNONYMOUS_CODING
TTTACAATAGCTAAGTTTGTTCTCGAGGGACAAGTGGGTTGGAGGTTGGGGG,CYR1;ECM16;LRO1,CYR1_X_430501_G_Heterozygous_NON_SYNONYMOUS_CODING;ECM16_XIII_527193_T_Heterozygous_NON_SYNONYMOUS_CODING;LRO1_XIV_641926_A_Heterozygous_NON_SYNONYMOUS_CODING,,
GCGGAAAGGAGGAAATCTGTTGGGCTCCTCAAAGCAAATTGTTTGTTTACGT,HEM3;CYT2;POP1,HEM3_IV_92963_T_Heterozygous_STOP_GAINED;CYT2_XI_277803_C_Heterozygous_NON_SYNONYMOUS_CODING;POP1_XIV_232087_A_Heterozygous_STOP_GAINED,HEM3,HEM3_IV_92963_T_Heterozygous_STOP_GAINED
TACAAAAAATTAAAAAAAGTTCGCACGGGACAAGTGGGTTGGAGGTTGGGGG,HAP1;DAL82;TFB1,HAP1_XII_650854_A_Heterozygous_CODON_CHANGE_PLUS_CODON_DELETION;DAL82_XIV_44862_A_Heterozygous_NON_SYNONYMOUS_CODING;TFB1_IV_1086115_T_Heterozygous_NON_SYNONYMOUS_CODING,HAP1,HAP1_XII_650854_A_Heterozygous_CODON_CHANGE_PLUS_CODON_DELETION
CTCACAATAGTGAATCATATTGTTATCATTTAATAGTGTTTGCGTTTAATCT,UBC4;DBP7,UBC4_II_406703_A_Heterozygous_NON_SYNONYMOUS_CODING;DBP7_XI_486982_A_Heterozygous_NON_SYNONYMOUS_CODING,UBC4,UBC4_II_406703_A_Heterozygous_NON_SYNONYMOUS_CODING
TCCTAAACGGTAAACTAATTTGGCTATGCGAAAGGATGTTAAGAGTTTTCGG,HEM3;SMC2,HEM3_IV_93414_A_Heterozygous_NON_SYNONYMOUS_CODING;SMC2_VI_216961_A_Heterozygous_NON_SYNONYMOUS_CODING,HEM3,HEM3_IV_93414_A_Heterozygous_NON_SYNONYMOUS_CODING
GACCCAAACCTTAACAGCATTCTTGTCGAATAATCAAGTTTATTGTTTAATT,HEM3;PHO91;DSL1;LSG1;NSL1,HEM3_IV_93193_A_Heterozygous_NON_SYNONYMOUS_CODING;PHO91_XIV_649580_A_Heterozygous_FRAME_SHIFT;DSL1_XIV_159014_A_Heterozygous_NON_SYNONYMOUS_CODING;LSG1_VII_315784_G_Heterozygous_NON_SYNONYMOUS_CODING;NSL1_XVI_106685_A_Heterozygous_NON_SYNONYMOUS_CODING,HEM3;PHO91,HEM3_IV_93193_A_Heterozygous_NON_SYNONYMOUS_CODING;PHO91_XIV_649580_A_Heterozygous_FRAME_SHIFT
CTAAAAAGGAGGAAACGACTTATGGCCGAATAATCAAGTTTATTGTTTAATT,PHO91;SEC4;YLR063W;HSF1,PHO91_XIV_649580_A_Heterozygous_FRAME_SHIFT;SEC4_VI_130977_T_Heterozygous_NON_SYNONYMOUS_CODING;YLR063W_XII_264567_A_Heterozygous_STOP_GAINED;HSF1_VII_369932_GA_Heterozygous_FRAME_SHIFT,PHO91;SEC4;YLR063W,PHO91_XIV_649580_A_Heterozygous_FRAME_SHIFT;SEC4_VI_130977_T_Heterozygous_NON_SYNONYMOUS_CODING;YLR063W_XII_264567_A_Heterozygous_STOP_GAINED
AAACTAATCTGCAACGACATTCGGTCCGAATAATCAAGTTTATTGTTTAATT,PHO91;SEC4;YLR063W,PHO91_XIV_649580_A_Heterozygous_FRAME_SHIFT;SEC4_VI_130977_T_Heterozygous_NON_SYNONYMOUS_CODING;YLR063W_XII_264567_A_Heterozygous_STOP_GAINED,PHO91;SEC4;YLR063W,PHO91_XIV_649580_A_Heterozygous_FRAME_SHIFT;SEC4_VI_130977_T_Heterozygous_NON_SYNONYMOUS_CODING;YLR063W_XII_264567_A_Heterozygous_STOP_GAINED
GTAACAATACGCAACGATATTCCAAGAACGTAAATCCATTTCCCATTGATCC,ERG24,ERG24_XIV_110193_T_Heterozygous_STOP_GAINED,ERG24,ERG24_XIV_110193_T_Heterozygous_STOP_GAINED
GACGGAAGAGTGAAGTCAGTTCGACAAACGTAAATCCATTTCCCATTGATCC,ERG24;HEM2;YHM2,ERG24_XIV_110193_T_Heterozygous_STOP_GAINED;HEM2_VII_419543_C_Heterozygous_STOP_GAINED;YHM2_XIII_752587_T_Heterozygous_NON_SYNONYMOUS_CODING,ERG24;HEM2,ERG24_XIV_110193_T_Heterozygous_STOP_GAINED;HEM2_VII_419543_C_Heterozygous_STOP_GAINED
TAAGGAATCTCTAATCGAGTTACAGTAACGTAAATCCATTTCCCATTGATCC,ERG24,ERG24_XIV_110193_T_Heterozygous_STOP_GAINED,ERG24,ERG24_XIV_110193_T_Heterozygous_STOP_GAINED
GCATAAACCAGAAAGGCCTTTTCCAAACGTAAATCCATTTCCCATTGATCC,ERG24;HRQ1;YIL108W,ERG24_XIV_110193_T_Heterozygous_STOP_GAINED;HRQ1_IV_1042455_G_Heterozygous_NON_SYNONYMOUS_CODING;YIL108W_IX_161149_A_Heterozygous_NON_SYNONYMOUS_CODING,ERG24,ERG24_XIV_110193_T_Heterozygous_STOP_GAINED
AATACAACTGGTAAGGTTATTCACAACATTTAATAGTGTTTGCGTTTAATCT,ERO1;SCW4;SPT5,ERO1_XIII_12197_T_Heterozygous_NON_SYNONYMOUS_CODING;SCW4_VII_1048938_T_Heterozygous_NON_SYNONYMOUS_CODING;SPT5_XIII_248590_T_Heterozygous_FRAME_SHIFT,,
CGACAAAGCGTGAAGGAAATTAGTGTGGGACAAGTGGGTTGGAGGTTGGGGG,OTU1;RSC9;YFR039C,OTU1_VI_45083_G_Heterozygous_NON_SYNONYMOUS_CODING;RSC9_XIII_18700_G_Heterozygous_FRAME_SHIFT;YFR039C_VI_233226_A_Heterozygous_NON_SYNONYMOUS_CODING,,
ATTACAAAATGGAAGCATGTTCCGTCATCACAATATGTTTACGTATTGTCCT,WHI2;PZF1,WHI2_XV_411734_C_Heterozygous_NON_SYNONYMOUS_CODING;PZF1_XVI_909944_T_Heterozygous_NON_SYNONYMOUS_CODING,WHI2,WHI2_XV_411734_C_Heterozygous_NON_SYNONYMOUS_CODING
ACCGGAACGAATAAGCATTTTCTCATATCACAATATGTTTACGTATTGTCCT,WHI2;YSP3,WHI2_XV_411734_C_Heterozygous_NON_SYNONYMOUS_CODING;YSP3_XV_331736_A_Heterozygous_NON_SYNONYMOUS_CODING,WHI2,WHI2_XV_411734_C_Heterozygous_NON_SYNONYMOUS_CODING
CGGCCAACTCTCAATGTGGTTCGATAATCACAATATGTTTACGTATTGTCCT,WHI2;MIF2,WHI2_XV_411734_C_Heterozygous_NON_SYNONYMOUS_CODING;MIF2_XI_274313_T_Heterozygous_NON_SYNONYMOUS_CODING,WHI2,WHI2_XV_411734_C_Heterozygous_NON_SYNONYMOUS_CODING
CTAGTAAACCTAAAGTTTCTTGAGTGGGGACAAGTGGGTTGGAGGTTGGGGG,FMP25;RSC58;TCB2,FMP25_XII_285511_T_Heterozygous_NON_SYNONYMOUS_CODING;RSC58_XII_209582_G_Heterozygous_STOP_GAINED;TCB2_XIV_465067_C_Heterozygous_FRAME_SHIFT,,
TACATAATCGTAAAACAAGTTGGACGATCACAATATGTTTACGTATTGTCCT,FRA1;MET3;STB1,FRA1_XII_81829_A_Heterozygous_STOP_GAINED;MET3_X_456683_T_Heterozygous_NON_SYNONYMOUS_CODING;STB1_XIV_53923_T_Heterozygous_STOP_LOST+SPLICE_SITE_REGION,,
ATCGCAATGTTAAATATTGTTATGTACATTTAATAGTGTTTGCGTTTAATCT,KRE27;NAB3;tL_GAG_G,KRE27_IX_303804_T_Heterozygous_NON_SYNONYMOUS_CODING;NAB3_XVI_187357_T_Heterozygous_NON_SYNONYMOUS_CODING;tL_GAG_G_VII_700730_G_Heterozygous_CODON_DELETION,,
ACACTAACCAGTAACTCACTTCAACTGGGACAAGTGGGTTGGAGGTTGGGGG,GDH2,GDH2_IV_72604_T_Heterozygous_NON_SYNONYMOUS_CODING,GDH2,GDH2_IV_72604_T_Heterozygous_NON_SYNONYMOUS_CODING
CATCGAACCGATAAGTAATTTAGCGAGGGACAAGTGGGTTGGAGGTTGGGGG,IRA2;HEM3;YJR008W,IRA2_XV_176039_A_Heterozygous_NON_SYNONYMOUS_CODING;HEM3_IV_93355_TC_Heterozygous_FRAME_SHIFT;YJR008W_X_452703_A_Heterozygous_NON_SYNONYMOUS_CODING,IRA2;HEM3,HEM3_IV_93355_TC_Heterozygous_FRAME_SHIFT;IRA2_XV_176039_A_Heterozygous_NON_SYNONYMOUS_CODING
ATAAGAAAATTAAATCCCTTTTATTGCGAATAATCAAGTTTATTGTTTAATT,PHO91;MSC7;IMG2,PHO91_XIV_649580_A_Heterozygous_FRAME_SHIFT;MSC7_VIII_186343_A_Heterozygous_NON_SYNONYMOUS_CODING;IMG2_III_240221_C_Heterozygous_NON_SYNONYMOUS_CODING,PHO91;MSC7,MSC7_VIII_186343_A_Heterozygous_NON_SYNONYMOUS_CODING;PHO91_XIV_649580_A_Heterozygous_FRAME_SHIFT
TGTAAAACTTTTAAATAAGTTGTGGCAACTAAATACCCTTTCAATTTGATGC,HAP1,HAP1_XII_650834_G_Homozygous_NON_SYNONYMOUS_CODING HAP1_XII_650867_A_Homozygous_NON_SYNONYMOUS_CODING,HAP1,HAP1_XII_650834_G_Homozygous_NON_SYNONYMOUS_CODING HAP1_XII_650867_A_Homozygous_NON_SYNONYMOUS_CODING
GCCCAAACAGTAAAATCAGTTTGGTTCATTTAATAGTGTTTGCGTTTAATCT,HEM2,HEM2_VII_419813_T_Heterozygous_NON_SYNONYMOUS_CODING,HEM2,HEM2_VII_419813_T_Heterozygous_NON_SYNONYMOUS_CODING
CGATTAAAATAGAAGGCTTTTATCTCTGCGAAAGGATGTTAAGAGTTTTCGG,HEM3,HEM3_IV_93414_A_Heterozygous_NON_SYNONYMOUS_CODING,HEM3,HEM3_IV_93414_A_Heterozygous_NON_SYNONYMOUS_CODING
AATGAAAGTTTCAAATCCATTTGCATCATTTAATAGTGTTTGCGTTTAATCT,HEM3;YER137W-A,HEM3_IV_93688_G_Heterozygous_NON_SYNONYMOUS_CODING;YER137W-A_V_441826_TGAGAAATGGGTGAATGTTGAGATAATTGTTGGGATTCCATTGTTGATAAAGGCTATAATATTAGG._Heterozygous_CODON_INSERTION,HEM3,HEM3_IV_93688_G_Heterozygous_NON_SYNONYMOUS_CODING
ATCAGAACAAATAAAGACTTTAGCGACATTTAATAGTGTTTGCGTTTAATCT,HEM3;PAN1;KEL2;SEC10,HEM3_IV_93717_T_Heterozygous_NON_SYNONYMOUS_CODING;PAN1_IX_368430_A_Heterozygous_CODON_CHANGE_PLUS_CODON_DELETION;KEL2_VII_967754_G_Heterozygous_NON_SYNONYMOUS_CODING;SEC10_XII_497137_G_Heterozygous_NON_SYNONYMOUS_CODING,HEM3;PAN1,HEM3_IV_93717_T_Heterozygous_NON_SYNONYMOUS_CODING;PAN1_IX_368430_A_Heterozygous_CODON_CHANGE_PLUS_CODON_DELETION
CAAAGAAATACCAAGATGGTTATCAAGGGACAAGTGGGTTGGAGGTTGGGGG,HSH155;RNH1;SUA7;TOR1,HSH155_XIII_846850_G_Heterozygous_NON_SYNONYMOUS_CODING;RNH1_XIII_740657_CT_Heterozygous_FRAME_SHIFT RNH1_XIII_740654_A_Heterozygous_FRAME_SHIFT;SUA7_XVI_711022_G_Heterozygous_NON_SYNONYMOUS_CODING;TOR1_X_560103_T_Heterozygous_NON_SYNONYMOUS_CODING,,
ATAACAACGAGAAATTGAGTTTCTGACCTCAAAGCAAATTGTTTGTTTACGT,YCL076W;NCR1,YCL076W_III_1595_A_Heterozygous_STOP_GAINED;NCR1_XVI_548052_T_Heterozygous_NON_SYNONYMOUS_CODING,YCL076W,YCL076W_III_1595_A_Heterozygous_STOP_GAINED
TGACAAACCTGAAACAACGTTTAGATCATTTAATAGTGTTTGCGTTTAATCT,INO4;JLP2;YHR080C,INO4_XV_111885_.GTATATGATAATATATTGATAATATAACTATTAGTTGATAGACGATAGTGGATTTTTATTCCAACAA_Heterozygous_FRAME_SHIFT+START_LOST;JLP2_XIII_535006_C_Heterozygous_NON_SYNONYMOUS_CODING;YHR080C_VIII_266541_T_Heterozygous_NON_SYNONYMOUS_CODING,,
TAGACAAGTCTCAAGGTTGTTAATACCATTTAATAGTGTTTGCGTTTAATCT,RPS2,RPS2_VII_277899_G_Heterozygous_NON_SYNONYMOUS_CODING,RPS2,RPS2_VII_277899_G_Heterozygous_NON_SYNONYMOUS_CODING
TAGAAAAACAGGAAACGCCTTCGAAAAACGTAAATCCATTTCCCATTGATCC,LCB2;VMA2,LCB2_IV_577211_A_Heterozygous_NON_SYNONYMOUS_CODING;VMA2_II_492658_A_Heterozygous_NON_SYNONYMOUS_CODING,,
GCTGAAAAAATAAATGGAGTTTGTTAGGGACAAGTGGGTTGGAGGTTGGGGG,RSC6,RSC6_III_216090_CTGAGAAATGGGTGAATGTTGAGATAATTGTTGGGATTCCATTGTTGATAAAGGCTATAATATTAGGTA._Heterozygous_CODON_CHANGE_PLUS_CODON_INSERTION,RSC6,RSC6_III_216090_CTGAGAAATGGGTGAATGTTGAGATAATTGTTGGGATTCCATTGTTGATAAAGGCTATAATATTAGGTA._Heterozygous_CODON_CHANGE_PLUS_CODON_INSERTION
TATTTAAACGACAAATTAGTTATTCTATCACAATATGTTTACGTATTGTCCT,WHI2;MDM36,WHI2_XV_411734_C_Heterozygous_NON_SYNONYMOUS_CODING;MDM36_XVI_705011_G_Heterozygous_NON_SYNONYMOUS_CODING,WHI2,WHI2_XV_411734_C_Heterozygous_NON_SYNONYMOUS_CODING
CAATCAACTTCGAATGTTGTTGTCCACGAATAATCAAGTTTATTGTTTAATT,PHO91;MSC7;PEX14;YNR048W,PHO91_XIV_649580_A_Heterozygous_FRAME_SHIFT;MSC7_VIII_186343_A_Heterozygous_NON_SYNONYMOUS_CODING;PEX14_VII_217179_A_Heterozygous_NON_SYNONYMOUS_CODING;YNR048W_XIV_711744_A_Heterozygous_NON_SYNONYMOUS_CODING,PHO91;MSC7,MSC7_VIII_186343_A_Heterozygous_NON_SYNONYMOUS_CODING;PHO91_XIV_649580_A_Heterozygous_FRAME_SHIFT
TGTTAAAGTGTAAATGCTCTTCATTGCCTCAAAGCAAATTGTTTGTTTACGT,NDI1,NDI1_XIII_28915_C_Heterozygous_NON_SYNONYMOUS_CODING,NDI1,NDI1_XIII_28915_C_Heterozygous_NON_SYNONYMOUS_CODING
CTACAAAAGGTCAATCTTATTCATTACATTTAATAGTGTTTGCGTTTAATCT,NDI1;TRM3;NUP170;YLR257W,NDI1_XIII_29195_C_Heterozygous_NON_SYNONYMOUS_CODING;TRM3_IV_261435_G_Heterozygous_NON_SYNONYMOUS_CODING;NUP170_II_79696_C_Heterozygous_NON_SYNONYMOUS_CODING;YLR257W_XII_659358_G_Heterozygous_NON_SYNONYMOUS_CODING,NDI1;TRM3,NDI1_XIII_29195_C_Heterozygous_NON_SYNONYMOUS_CODING;TRM3_IV_261435_G_Heterozygous_NON_SYNONYMOUS_CODING
GGCCGAATGTGCAAAAGCGTTGGCCAGGGACAAGTGGGTTGGAGGTTGGGGG,YDR370C;NUP100;RAS2;SEC3,YDR370C_IV_1218242_G_Heterozygous_NON_SYNONYMOUS_CODING;NUP100_XI_310781_C_Heterozygous_NON_SYNONYMOUS_CODING;RAS2_XIV_440274_A_Heterozygous_NON_SYNONYMOUS_CODING;SEC3_V_170222_C_Heterozygous_NON_SYNONYMOUS_CODING,YDR370C,YDR370C_IV_1218242_G_Heterozygous_NON_SYNONYMOUS_CODING
GATCCAACCACAAAGATCCTTTAAGATTGCGAAAGGATGTTAAGAGTTTTCGG,YPL279C,YPL279C_XVI_13445_C_Heterozygous_NON_SYNONYMOUS_CODING,YPL279C,YPL279C_XVI_13445_C_Heterozygous_NON_SYNONYMOUS_CODING
AAATTAATATTGAAATGTTTTGGATAGGGACAAGTGGGTTGGAGGTTGGGGG,PSD2,PSD2_VII_838094_C_Heterozygous_NON_SYNONYMOUS_CODING,PSD2,PSD2_VII_838094_C_Heterozygous_NON_SYNONYMOUS_CODING
AATCTAACGATTAATTACATTTCGGAAACGTAAATCCATTTCCCATTGATCC,RAD5;UTP21,RAD5_XII_205298_T_Heterozygous_NON_SYNONYMOUS_CODING;UTP21_XII_936506_A_Heterozygous_NON_SYNONYMOUS_CODING,,
CATTAAACACTTAATCCAATTCATGAGGGACAAGTGGGTTGGAGGTTGGGGG,RSC2;SMC5,RSC2_XII_842165_CA_Heterozygous_FRAME_SHIFT;SMC5_XV_262887_A_Heterozygous_NON_SYNONYMOUS_CODING,,
TTCCCAAAATGCAACGGAATTGACACGGGACAAGTGGGTTGGAGGTTGGGGG,SPT6,SPT6_VII_722662_C_Heterozygous_NON_SYNONYMOUS_CODING,SPT6,SPT6_VII_722662_C_Heterozygous_NON_SYNONYMOUS_CODING
AAATGAAGCGATAAGTCTATTAATGTGCCGAAACAGGGTTGCGGGTTGGAGG,OCA4,OCA4_III_288937_A_Homozygous_STOP_GAINED,OCA4,OCA4_III_288937_A_Homozygous_STOP_GAINED
ATGTCAAAATGAAACTTAGTTACTGTGCCGAAACAGGGTTGCGGGTTGGAGG,OCA4,OCA4_III_288937_A_Homozygous_STOP_GAINED,OCA4,OCA4_III_288937_A_Homozygous_STOP_GAINED
CTGTGAAAAGCGAACTTTGTTATATAGCCGAAACAGGGTTGCGGGTTGGAGG,OCA4,OCA4_III_288937_A_Homozygous_STOP_GAINED,OCA4,OCA4_III_288937_A_Homozygous_STOP_GAINED
AGGGGAAGTGGTAAGTTCGTTGGAGCGCCGAAACAGGGTTGCGGGTTGGAGG,OCA4,OCA4_III_288937_A_Homozygous_STOP_GAINED,OCA4,OCA4_III_288937_A_Homozygous_STOP_GAINED
AAGTAAATCAAGAACGTCATTAAGCTGCCGAAACAGGGTTGCGGGTTGGAGG,OCA4,OCA4_III_288937_A_Homozygous_STOP_GAINED,OCA4,OCA4_III_288937_A_Homozygous_STOP_GAINED
AGTTGAACCAAAAACATTATTGTATAGCCGAAACAGGGTTGCGGGTTGGAGG,OCA4,OCA4_III_288937_A_Homozygous_STOP_GAINED,OCA4,OCA4_III_288937_A_Homozygous_STOP_GAINED
GGCTCAAGTGAAAATACTATTAGCGCGCCGAAACAGGGTTGCGGGTTGGAGG,OCA4;SSK2,OCA4_III_288937_A_Homozygous_STOP_GAINED;SSK2_XIV_681610_T_Homozygous_NON_SYNONYMOUS_CODING,OCA4;SSK2,OCA4_III_288937_A_Homozygous_STOP_GAINED;SSK2_XIV_681610_T_Homozygous_NON_SYNONYMOUS_CODING
GCCAAAAGAATAAAGCACTTTATCTCGCCGAAACAGGGTTGCGGGTTGGAGG,OCA4;YDR169C-A,OCA4_III_288937_A_Homozygous_STOP_GAINED;YDR169C-A_IV_794607_T_Homozygous_STOP_GAINED,OCA4,OCA4_III_288937_A_Homozygous_STOP_GAINED
GCGTAAATTGCGAATGTCTTTAAGTTGCCGAAACAGGGTTGCGGGTTGGAGG,OCA4,OCA4_III_288937_A_Homozygous_STOP_GAINED,OCA4,OCA4_III_288937_A_Homozygous_STOP_GAINED
AGAATAAGCGTAAAAGAGATTTTACCGTACGAAGCGGGTTGAGGATTGGGGG,YNL285W,YNL285W_XIV_96286_T_Homozygous_NON_SYNONYMOUS_CODING,YNL285W,YNL285W_XIV_96286_T_Homozygous_NON_SYNONYMOUS_CODING
CAAGAAAACTCAAAACGTCTTAGCAGGTACGAAGCGGGTTGAGGATTGGGGG,IRA1;YNL285W;TRM3,IRA1_II_521149_A_Homozygous_NON_SYNONYMOUS_CODING;YNL285W_XIV_96286_T_Homozygous_NON_SYNONYMOUS_CODING;TRM3_IV_261760_G_Homozygous_NON_SYNONYMOUS_CODING,IRA1;YNL285W;TRM3,IRA1_II_521149_A_Homozygous_NON_SYNONYMOUS_CODING;TRM3_IV_261760_G_Homozygous_NON_SYNONYMOUS_CODING;YNL285W_XIV_96286_T_Homozygous_NON_SYNONYMOUS_CODING
AGAGCAAACAAGAAGAATCTTAGATTAGGAGAACGGGGTTGGGGGTTGGGGG,YAK1,YAK1_X_149249_T_Homozygous_NON_SYNONYMOUS_CODING,YAK1,YAK1_X_149249_T_Homozygous_NON_SYNONYMOUS_CODING
TAATGAATTGCGAAATAGGTTACTCGAGGAGAACGGGGTTGGGGGTTGGGGG,YAK1,YAK1_X_149249_T_Homozygous_NON_SYNONYMOUS_CODING,YAK1,YAK1_X_149249_T_Homozygous_NON_SYNONYMOUS_CODING
TCTTTAAACGCAAAGACGCTTGGTGTAATAGAATCATCTTACTTCTTATTAC,IRA2;SCD5,IRA2_XV_172085_G_Homozygous_NON_SYNONYMOUS_CODING;SCD5_XV_938253_T_Homozygous_NON_SYNONYMOUS_CODING,IRA2,IRA2_XV_172085_G_Homozygous_NON_SYNONYMOUS_CODING
AATACAACAGCAAATCCTGTTTAAGTAATAGAATCATCTTACTTCTTATTAC,IRA2;SNF11,IRA2_XV_172085_G_Homozygous_NON_SYNONYMOUS_CODING;SNF11_IV_592539_A_Homozygous_CODON_DELETION,IRA2,IRA2_XV_172085_G_Homozygous_NON_SYNONYMOUS_CODING
CTGAAAACGAGCAACGTAATTCTTAAAATAGAATCATCTTACTTCTTATTAC,IRA2,IRA2_XV_176624_T_Homozygous_NON_SYNONYMOUS_CODING,IRA2,IRA2_XV_176624_T_Homozygous_NON_SYNONYMOUS_CODING
TTTCCAAACTGTAATTATATTCCACAAATAGAATCATCTTACTTCTTATTAC,GPB2;MLP2;YJL193W,GPB2_I_40783_T_Homozygous_STOP_GAINED;MLP2_IX_63326_T_Homozygous_NON_SYNONYMOUS_CODING;YJL193W_X_71729_A_Homozygous_NON_SYNONYMOUS_CODING,GPB2,GPB2_I_40783_T_Homozygous_STOP_GAINED
CAGAAAAATAGAAAATTATTTCGGTAAATAGAATCATCTTACTTCTTATTAC,IRA2;CYC3,IRA2_XV_178952_C_Homozygous_NON_SYNONYMOUS_CODING;CYC3_I_69100_A_Homozygous_NON_SYNONYMOUS_CODING,IRA2,IRA2_XV_178952_C_Homozygous_NON_SYNONYMOUS_CODING
CCAATAAAACTGAACTCGTTTACCAGAATAGAATCATCTTACTTCTTATTAC,IRA1;STE12;WSC2;YDR391C,IRA1_II_519567_C_Homozygous_STOP_GAINED;STE12_VIII_275229_T_Homozygous_NON_SYNONYMOUS_CODING;WSC2_XIV_105660_A_Homozygous_NON_SYNONYMOUS_CODING;YDR391C_IV_1257375_TGTTGGAATAAAAATCCACTATCGTCTATCAACTAATAGTTATATTATCAATATATTATCATATACGG._Heterozygous_FRAME_SHIFT+STOP_GAINED,IRA1,IRA1_II_519567_C_Homozygous_STOP_GAINED
TATTTAATGTCTAAAGATATTGGCGAAATAGAATCATCTTACTTCTTATTAC,IRA1,IRA1_II_517682_T_Homozygous_FRAME_SHIFT,IRA1,IRA1_II_517682_T_Homozygous_FRAME_SHIFT
GCCGCAAAATGGAAGAGCTTTCGCCGAATAGAATCATCTTACTTCTTATTAC,IRA1;BDS1,IRA1_II_517732_C_Homozygous_STOP_GAINED;BDS1_XV_6482_C_Homozygous_NON_SYNONYMOUS_CODING,IRA1,IRA1_II_517732_C_Homozygous_STOP_GAINED
GTTAAAAAGGCGAAAGAAATTACAACAATAGAATCATCTTACTTCTTATTAC,IRA1;GCN5,IRA1_II_518293_CA_Homozygous_FRAME_SHIFT;GCN5_VII_997142_T_Homozygous_NON_SYNONYMOUS_CODING,IRA1,IRA1_II_518293_CA_Homozygous_FRAME_SHIFT
CCGATAACGTTAAAGTTGTTTTGTTGGCTTTAACAGATTTTCCTTTTTCTGC,IRA1,IRA1_II_519311_A_Homozygous_STOP_GAINED,IRA1,IRA1_II_519311_A_Homozygous_STOP_GAINED
TAAAAAACAACGAACGGTGTTTTAGTGATTAAAGCCTGTTGCATTTTAGTCG,IRA1,IRA1_II_520428_T_Homozygous_STOP_GAINED,IRA1,IRA1_II_520428_T_Homozygous_STOP_GAINED
CACTTAATCAAGAATCTTTTTTTTCAATTTGAAGCTTGTTATGTATTTGCGT,IRA1;TSC13,IRA1_II_520526_C_Homozygous_FRAME_SHIFT;TSC13_IV_426638_T_Homozygous_NON_SYNONYMOUS_CODING,IRA1,IRA1_II_520526_C_Homozygous_FRAME_SHIFT
TAGAGAAACAGTAAGAAGCTTTTTAAATTTGAAGCTTGTTATGTATTTGCGT,IRA1,IRA1_II_521044_C_Homozygous_NON_SYNONYMOUS_CODING,IRA1,IRA1_II_521044_C_Homozygous_NON_SYNONYMOUS_CODING
ATTGTAAATAGAAAGAACGTTTTGTCAATAGAATCATCTTACTTCTTATTAC,IRA1;YTA6,IRA1_II_521436_A_Homozygous_CODON_CHANGE_PLUS_CODON_DELETION;YTA6_XVI_417312_G_Homozygous_NON_SYNONYMOUS_CODING,IRA1,IRA1_II_521436_A_Homozygous_CODON_CHANGE_PLUS_CODON_DELETION
TGACTAATGATAAAGTTAGTTCCGCCGCCGAAACAGGGTTGCGGGTTGGAGG,IRA1;SFI1;YLR001C,IRA1_II_521481_T_Homozygous_FRAME_SHIFT;SFI1_XII_144414_T_Homozygous_NON_SYNONYMOUS_CODING;YLR001C_XII_153116_A_Homozygous_NON_SYNONYMOUS_CODING,IRA1,IRA1_II_521481_T_Homozygous_FRAME_SHIFT
CTATCAATAAGTAAACATCTTGATCCGCCGAAACAGGGTTGCGGGTTGGAGG,IRA1,IRA1_II_521794_T_Homozygous_STOP_GAINED,IRA1,IRA1_II_521794_T_Homozygous_STOP_GAINED
CCATCAATTTGTAAGCATCTTAGATAGCCGAAACAGGGTTGCGGGTTGGAGG,IRA1,IRA1_II_521982_CAA_Homozygous_FRAME_SHIFT,IRA1,IRA1_II_521982_CAA_Homozygous_FRAME_SHIFT
ATGTGAAATAGAAATGTGCTTCAATCAATAGAATCATCTTACTTCTTATTAC,IRA1,IRA1_II_522343_C_Homozygous_STOP_GAINED,IRA1,IRA1_II_522343_C_Homozygous_STOP_GAINED
TCACGAACTCGAAAGACAATTATAAAAATAGAATCATCTTACTTCTTATTAC,IRA1;BMH2,IRA1_II_522912_T_Homozygous_STOP_GAINED;BMH2_IV_654338_TCAACAA_Homozygous_CODON_CHANGE_PLUS_CODON_INSERTION,IRA1,IRA1_II_522912_T_Homozygous_STOP_GAINED
AACCAAAACCGGAACTTGGTTGGTCGGCCGAAACAGGGTTGCGGGTTGGAGG,IRA1,IRA1_II_523281_G_Homozygous_FRAME_SHIFT,IRA1,IRA1_II_523281_G_Homozygous_FRAME_SHIFT
GACCCAATTAGTAACGGCGTTCGGGGAATAGAATCATCTTACTTCTTATTAC,IRA1;YSW1;CDC12,IRA1_II_524288_A_Homozygous_FRAME_SHIFT IRA1_II_524291_A_Homozygous_STOP_GAINED;YSW1_II_538408_G_Homozygous_STOP_GAINED;CDC12_VIII_327990_G_Homozygous_NON_SYNONYMOUS_CODING,IRA1,IRA1_II_524288_A_Homozygous_FRAME_SHIFT IRA1_II_524291_A_Homozygous_STOP_GAINED
TCGGAAAACCAGAAGTGCGTTAGGCGAATAGAATCATCTTACTTCTTATTAC,IRA1,IRA1_II_524869_C_Homozygous_STOP_GAINED,IRA1,IRA1_II_524869_C_Homozygous_STOP_GAINED
AGTGCAATTATCAATATATTTTGCCCAATAGAATCATCTTACTTCTTATTAC,TBS1;PBS2,TBS1_II_541458_GTCA_Homozygous_CODON_CHANGE_PLUS_CODON_INSERTION;PBS2_X_179198_G_Homozygous_FRAME_SHIFT,,
CCACAAACCCTCAATGGGTTTGATATGGTAAAACCAGATTTGGCATTCACTA,GPB2;TDP1,GPB2_I_41062_T_Homozygous_STOP_GAINED;TDP1_II_669507_T_Homozygous_NON_SYNONYMOUS_CODING,GPB2,GPB2_I_41062_T_Homozygous_STOP_GAINED
ATAGAAATTCGGAAGCCAGTTGAAAGAATAGAATCATCTTACTTCTTATTAC,SSD1,SSD1_IV_1048224_G_Homozygous_NON_SYNONYMOUS_CODING,SSD1,SSD1_IV_1048224_G_Homozygous_NON_SYNONYMOUS_CODING
CGACGAATTTCTAATTCCGTTTGGGTATTTGAAGCTTGTTATGTATTTGCGT,ARO10,ARO10_IV_1234884_G_Homozygous_FRAME_SHIFT,ARO10,ARO10_IV_1234884_G_Homozygous_FRAME_SHIFT
CGGTAAACAGTGAATCATGTTTCTTAAATAGAATCATCTTACTTCTTATTAC,ARP2,ARP2_IV_399886_T_Homozygous_NON_SYNONYMOUS_CODING,ARP2,ARP2_IV_399886_T_Homozygous_NON_SYNONYMOUS_CODING
ATAGAAAATTTCAATGGGATTATGCTAATAGAATCATCTTACTTCTTATTAC,RPT2;FAS1;PRS1;HYM1,RPT2_IV_438717_T_Homozygous_NON_SYNONYMOUS_CODING;FAS1_XI_100764_C_Homozygous_CODON_DELETION;PRS1_XI_107937_A_Homozygous_NON_SYNONYMOUS_CODING;HYM1_XI_84728_T_Homozygous_NON_SYNONYMOUS_CODING,RPT2;FAS1,FAS1_XI_100764_C_Homozygous_CODON_DELETION;RPT2_IV_438717_T_Homozygous_NON_SYNONYMOUS_CODING
ATACTAACCCCAAAAAGGCTTATAGTATTTGAAGCTTGTTATGTATTTGCGT,IRA2;NUP42;BNR1,IRA2_XV_180256_T_Homozygous_STOP_GAINED;NUP42_IV_843831_T_Homozygous_NON_SYNONYMOUS_CODING;BNR1_IX_45930_G_Homozygous_NON_SYNONYMOUS_CODING,IRA2,IRA2_XV_180256_T_Homozygous_STOP_GAINED
AACAAAATCAGTAACAAAGTTGCAAAAATAGAATCATCTTACTTCTTATTAC,SIR4,SIR4_IV_921070_T_Homozygous_NON_SYNONYMOUS_CODING,SIR4,SIR4_IV_921070_T_Homozygous_NON_SYNONYMOUS_CODING
GGGCAAAAGCTTAATCAAATTGCACGAATAGAATCATCTTACTTCTTATTAC,IRA2;YIL055C;NIC96,IRA2_XV_175448_T_Homozygous_FRAME_SHIFT;YIL055C_IX_252609_G_Homozygous_NON_SYNONYMOUS_CODING;NIC96_VI_152487_T_Homozygous_NON_SYNONYMOUS_CODING,IRA2,IRA2_XV_175448_T_Homozygous_FRAME_SHIFT
GATCAAAATCAAAATAAGGTTTACAGGGTAAAACCAGATTTGGCATTCACTA,GPB2;DCV1,GPB2_I_41062_T_Homozygous_STOP_GAINED;DCV1_VI_168330_T_Homozygous_NON_SYNONYMOUS_CODING,GPB2,GPB2_I_41062_T_Homozygous_STOP_GAINED
ATTTAAAGCTATAAGAGGATTAAGATCGATCAACAGTGTTGCGCTTTATACG,YSC84;RIM15;YPL088W,YSC84_VIII_137574_T_Homozygous_NON_SYNONYMOUS_CODING;RIM15_VI_72032_A_Homozygous_NON_SYNONYMOUS_CODING;YPL088W_XVI_382355_T_Homozygous_NON_SYNONYMOUS_CODING,YSC84,YSC84_VIII_137574_T_Homozygous_NON_SYNONYMOUS_CODING
TGTATAACCTGCAATTACTTTCATGAGGTAAAACCAGATTTGGCATTCACTA,GPB2;CEG1,GPB2_I_41062_T_Homozygous_STOP_GAINED;CEG1_VII_266989_G_Homozygous_NON_SYNONYMOUS_CODING,GPB2,GPB2_I_41062_T_Homozygous_STOP_GAINED
GTGATAAGGGGTAAACTTTTTCGTGCGGTAAAACCAGATTTGGCATTCACTA,GPB2;MAS2,GPB2_I_41062_T_Homozygous_STOP_GAINED;MAS2_VIII_158034_T_Homozygous_NON_SYNONYMOUS_CODING,GPB2,GPB2_I_41062_T_Homozygous_STOP_GAINED
CCTTGAAGCTCTAAACTGCTTAAGATGCTTTAACAGATTTTCCTTTTTCTGC,YHR214C-B;SSK1;MET17,YHR214C-B_VIII_545489_T_Homozygous_FRAME_SHIFT;SSK1_XII_162593_T_Homozygous_STOP_GAINED;MET17_XII_733823_.GTATATGATAATATATTGATAATATAACTATTAGTTGATAGACGATAGTGGATTTTTATTCCAACAA_Heterozygous_FRAME_SHIFT+STOP_GAINED,,
GAATAAAGTCTAAACAGTTTTATCTGAATAGAATCATCTTACTTCTTATTAC,PHO86,PHO86_X_192916_T_Homozygous_NON_SYNONYMOUS_CODING,PHO86,PHO86_X_192916_T_Homozygous_NON_SYNONYMOUS_CODING
TTGGCAACGGCGAATATGGTTCGTCTGGTAAAACCAGATTTGGCATTCACTA,GPB2;DYN1,GPB2_I_41062_T_Homozygous_STOP_GAINED;DYN1_XI_536342_C_Homozygous_NON_SYNONYMOUS_CODING,GPB2,GPB2_I_41062_T_Homozygous_STOP_GAINED
GATCAAAAGTTCAATTTGTTTGTACAAATAGAATCATCTTACTTCTTATTAC,MLP1;YLR157W-E,MLP1_XI_625085_T_Homozygous_NON_SYNONYMOUS_CODING;YLR157W-E_IX_324755_]XII:481897]C_Heterozygous_GENE_FUSION_HALF,,
AAACGAACCAGTAAATTTCTTGATCCAATAGAATCATCTTACTTCTTATTAC,IRA2,IRA2_XV_177358_T_Homozygous_STOP_GAINED,IRA2,IRA2_XV_177358_T_Homozygous_STOP_GAINED
GTAGTAACAATAAATACTTTTTGCCAATTTGAAGCTTGTTATGTATTTGCGT,CDC25;REX4,CDC25_XII_753872_T_Homozygous_NON_SYNONYMOUS_CODING;REX4_XV_181408_G_Homozygous_NON_SYNONYMOUS_CODING,,
TTCGGAACTTGAAAGGTCTTTGATTTAATAGAATCATCTTACTTCTTATTAC,TAF7,TAF7_XIII_724007_G_Homozygous_NON_SYNONYMOUS_CODING,TAF7,TAF7_XIII_724007_G_Homozygous_NON_SYNONYMOUS_CODING
TAGTGAATTGAAAACGCGTTTGGGGTAGGAGAACGGGGTTGGGGGTTGGGGG,SSK2,SSK2_XIV_682529_T_Homozygous_FRAME_SHIFT,SSK2,SSK2_XIV_682529_T_Homozygous_FRAME_SHIFT
CATCAAAATAAAAATAGATTTTAGTCAATAGAATCATCTTACTTCTTATTAC,YNL295W,YNL295W_XIV_77763_A_Homozygous_NON_SYNONYMOUS_CODING,YNL295W,YNL295W_XIV_77763_A_Homozygous_NON_SYNONYMOUS_CODING
TCTCAAACAGGGAAGCCTCTTCGGGTGGTAAAACCAGATTTGGCATTCACTA,GPB2;NDD1,GPB2_I_41062_T_Homozygous_STOP_GAINED;NDD1_XV_1034892_T_Homozygous_NON_SYNONYMOUS_CODING,GPB2,GPB2_I_41062_T_Homozygous_STOP_GAINED
TTCTTAAACAAAAATACTGTTTACTTAATAGAATCATCTTACTTCTTATTAC,IRA2,IRA2_XV_177646_G_Homozygous_FRAME_SHIFT,IRA2,IRA2_XV_177646_G_Homozygous_FRAME_SHIFT
TAAACAAAGCCGAATTGTATTGGGCGAATAGAATCATCTTACTTCTTATTAC,IRA2,IRA2_XV_178741_T_Homozygous_STOP_GAINED,IRA2,IRA2_XV_178741_T_Homozygous_STOP_GAINED
GTCATAATTTTTAAAATAATTAAACCAATAGAATCATCTTACTTCTTATTAC,IRA2,IRA2_XV_178911_A_Homozygous_FRAME_SHIFT,IRA2,IRA2_XV_178911_A_Homozygous_FRAME_SHIFT
GGATGAAACAACAACCTTTTTTAGCCGGTAAAACCAGATTTGGCATTCACTA,GPB2;KRE6,GPB2_I_41062_T_Homozygous_STOP_GAINED;KRE6_XVI_857722_C_Homozygous_NON_SYNONYMOUS_CODING,GPB2,GPB2_I_41062_T_Homozygous_STOP_GAINED
TACCAAATAGGGAATGTTTTTTATTCAATAGAATCATCTTACTTCTTATTAC,CIN2,CIN2_XVI_95552_A_Homozygous_NON_SYNONYMOUS_CODING,CIN2,CIN2_XVI_95552_A_Homozygous_NON_SYNONYMOUS_CODING
GTTAGAATCGAAAAGCTTTTTTGAAAGGTAAAACCAGATTTGGCATTCACTA,GPB2,GPB2_I_41062_T_Homozygous_STOP_GAINED,GPB2,GPB2_I_41062_T_Homozygous_STOP_GAINED
AACAAAACAGATAAGCCATTTAATGGGGTAAAACCAGATTTGGCATTCACTA,GPB2,GPB2_I_41062_T_Homozygous_STOP_GAINED,GPB2,GPB2_I_41062_T_Homozygous_STOP_GAINED
CCTAAAATACAGAAAACCTTTTTGCAGGTAAAACCAGATTTGGCATTCACTA,GPB2,GPB2_I_41062_T_Homozygous_STOP_GAINED,GPB2,GPB2_I_41062_T_Homozygous_STOP_GAINED
CAGGTAAGACCAAATGCGTTTTAATAGGTAAAACCAGATTTGGCATTCACTA,GPB2,GPB2_I_41062_T_Homozygous_STOP_GAINED,GPB2,GPB2_I_41062_T_Homozygous_STOP_GAINED
AGAGAAAGCTCAAACGGTTTTTGTGTGGTAAAACCAGATTTGGCATTCACTA,GPB2,GPB2_I_41062_T_Homozygous_STOP_GAINED,GPB2,GPB2_I_41062_T_Homozygous_STOP_GAINED
ATAAAAATCAGTAAATGCTTTACCCGGGTAAAACCAGATTTGGCATTCACTA,GPB2,GPB2_I_41062_T_Homozygous_STOP_GAINED,GPB2,GPB2_I_41062_T_Homozygous_STOP_GAINED
CTGCAAATCGTCAATGCAATTGATTGGGTAAAACCAGATTTGGCATTCACTA,GPB2,GPB2_I_41062_T_Homozygous_STOP_GAINED,GPB2,GPB2_I_41062_T_Homozygous_STOP_GAINED
ATTAGAAGAAATAAGCCTCTTAGCTGGGTAAAACCAGATTTGGCATTCACTA,GPB2,GPB2_I_41062_T_Homozygous_STOP_GAINED,GPB2,GPB2_I_41062_T_Homozygous_STOP_GAINED
TACAGAATTAACAACTGATTTTTACAGGTAAAACCAGATTTGGCATTCACTA,GPB2,GPB2_I_41062_T_Homozygous_STOP_GAINED,GPB2,GPB2_I_41062_T_Homozygous_STOP_GAINED
CACGGAATTAGTAATAGCGTTATTTTGGTAAAACCAGATTTGGCATTCACTA,GPB2,GPB2_I_41062_T_Homozygous_STOP_GAINED,GPB2,GPB2_I_41062_T_Homozygous_STOP_GAINED
CACCGAAGTCTGAAGGTTATTGTTTTTTTTGAACCTTATTTGGCCTTGGGAG,PDR1;BUD7,PDR1_VII_469849_T_Heterozygous_NON_SYNONYMOUS_CODING;BUD7_XV_878927_T_Heterozygous_STOP_GAINED,PDR1,PDR1_VII_469849_T_Heterozygous_NON_SYNONYMOUS_CODING
TAAGTAATCCGTAACATAATTAAGGTTTATTAACTTCATTAGTAATTTGTTG,KRE5,KRE5_XV_950760_T_Heterozygous_NON_SYNONYMOUS_CODING,KRE5,KRE5_XV_950760_T_Heterozygous_NON_SYNONYMOUS_CODING
TCGTAAACTTGTAACGGTGTTCGGTGTCCTAAACGGAATTTTTTCTTCACCT,UPC2;EPT1;AFG3;CLB5;CRM1;POT1;TPO1,UPC2_IV_892292_G_Homozygous_NON_SYNONYMOUS_CODING;EPT1_VIII_355613_G_Homozygous_FRAME_SHIFT EPT1_VIII_355619_G_Homozygous_NON_SYNONYMOUS_CODING;AFG3_V_190207_C_Homozygous_NON_SYNONYMOUS_CODING;CLB5_XVI_774835_G_Homozygous_NON_SYNONYMOUS_CODING;CRM1_VII_933548_C_Homozygous_NON_SYNONYMOUS_CODING;POT1_IX_40496_T_Homozygous_NON_SYNONYMOUS_CODING;TPO1_XII_86044_A_Homozygous_NON_SYNONYMOUS_CODING,UPC2,UPC2_IV_892292_G_Homozygous_NON_SYNONYMOUS_CODING
AGTAAAACATTTAAAACATTTGATTGTCCTAAACGGAATTTTTTCTTCACCT,UPC2;AIM3;MSH3,UPC2_IV_891005_T_Homozygous_NON_SYNONYMOUS_CODING;AIM3_II_455404_A_Homozygous_NON_SYNONYMOUS_CODING;MSH3_III_277293_G_Homozygous_NON_SYNONYMOUS_CODING,UPC2,UPC2_IV_891005_T_Homozygous_NON_SYNONYMOUS_CODING
TCTGAAAACAGAAACCATTTTAGGTGTCCTAAACGGAATTTTTTCTTCACCT,IRA2;SXM1,IRA2_XV_173960_T_Homozygous_NON_SYNONYMOUS_CODING;SXM1_IV_1265682_T_Homozygous_STOP_GAINED,IRA2;SXM1,IRA2_XV_173960_T_Homozygous_NON_SYNONYMOUS_CODING;SXM1_IV_1265682_T_Homozygous_STOP_GAINED
TTGGTAACAAGTAACACCTTTGACTTTCCTAAACGGAATTTTTTCTTCACCT,BRR1,BRR1_XVI_672985_G_Homozygous_NON_SYNONYMOUS_CODING,BRR1,BRR1_XVI_672985_G_Homozygous_NON_SYNONYMOUS_CODING
TCAGAAAGTGGAAAGGAGCTTTAGAATCCTAAACGGAATTTTTTCTTCACCT,PDR5;RPT2,PDR5_XV_622574_G_Homozygous_NON_SYNONYMOUS_CODING;RPT2_IV_438906_A_Homozygous_NON_SYNONYMOUS_CODING,PDR5;RPT2,PDR5_XV_622574_G_Homozygous_NON_SYNONYMOUS_CODING;RPT2_IV_438906_A_Homozygous_NON_SYNONYMOUS_CODING
AACGAAAATTTCAAAACTATTGATCTTCCTAAACGGAATTTTTTCTTCACCT,SXM1;SKG6;THG1,SXM1_IV_1263834_T_Homozygous_STOP_GAINED;SKG6_VIII_395476_A_Homozygous_NON_SYNONYMOUS_CODING;THG1_VII_532437_C_Homozygous_NON_SYNONYMOUS_CODING,SXM1,SXM1_IV_1263834_T_Homozygous_STOP_GAINED
CGGCTAAACCTCAATTCGATTCTGTGTCCTAAACGGAATTTTTTCTTCACCT,CSG2,CSG2_II_309575_G_Homozygous_NON_SYNONYMOUS_CODING,CSG2,CSG2_II_309575_G_Homozygous_NON_SYNONYMOUS_CODING
GCGCCAACCGCTAATTTCCTTTGTAGTTTGAAAAGAATTTGTCGTTTTTGTC,CSG2;YOS9,CSG2_II_310237_A_Homozygous_NON_SYNONYMOUS_CODING;YOS9_IV_566224_T_Homozygous_STOP_GAINED,CSG2,CSG2_II_310237_A_Homozygous_NON_SYNONYMOUS_CODING
TATCAAAATGGGAATTACTTTGGAGCTTTGAAAAGAATTTGTCGTTTTTGTC,PDR1;URK1,PDR1_VII_469858_T_Homozygous_NON_SYNONYMOUS_CODING;URK1_XIV_647902_A_Homozygous_STOP_GAINED,PDR1,PDR1_VII_469858_T_Homozygous_NON_SYNONYMOUS_CODING
AGTTCAAGTGGGAAAGTCCTTCAGGATCCTAAACGGAATTTTTTCTTCACCT,CYC8;YFL054C,CYC8_II_463582_G_Homozygous_FRAME_SHIFT;YFL054C_VI_21173_T_Homozygous_NON_SYNONYMOUS_CODING,CYC8;YFL054C,CYC8_II_463582_G_Homozygous_FRAME_SHIFT;YFL054C_VI_21173_T_Homozygous_NON_SYNONYMOUS_CODING
ACAGGAATGACCAATTATCTTTAACTTTTGAAAAGAATTTGTCGTTTTTGTC,CYC8;YFR057W,CYC8_II_464978_A_Homozygous_NON_SYNONYMOUS_CODING;YFR057W_VI_269496_T_Homozygous_NON_SYNONYMOUS_CODING,CYC8,CYC8_II_464978_A_Homozygous_NON_SYNONYMOUS_CODING
CGCTCAACTTATAACCCCTTTAAACTTTTGAAAAGAATTTGTCGTTTTTGTC,CYC8;RVS167;YOR378W,CYC8_II_464969_C_Homozygous_NON_SYNONYMOUS_CODING;RVS167_IV_1250315_G_Homozygous_NON_SYNONYMOUS_CODING;YOR378W_XV_1050318_T_Homozygous_STOP_GAINED,CYC8;RVS167,CYC8_II_464969_C_Homozygous_NON_SYNONYMOUS_CODING;RVS167_IV_1250315_G_Homozygous_NON_SYNONYMOUS_CODING
ATTAAAAATTTGAAACGGCTTTGGTTTTTGAAAAGAATTTGTCGTTTTTGTC,SXM1,SXM1_IV_1265142_T_Homozygous_STOP_GAINED,SXM1,SXM1_IV_1265142_T_Homozygous_STOP_GAINED
AATAGAACATGGAAATAACTTATTTTGTATAAACATTTTTTATACTTATTTA,FAS1,FAS1_XI_101863_A_Homozygous_NON_SYNONYMOUS_CODING,FAS1,FAS1_XI_101863_A_Homozygous_NON_SYNONYMOUS_CODING
CCGTGCAAGATCGAAGAAGGTTCAGACGTATAAACATTTTTTATACTTATTTA,PDR3;GUS1;STE11,PDR3_II_220369_A_Homozygous_STOP_GAINED;GUS1_VII_39233_T_Homozygous_NON_SYNONYMOUS_CODING;STE11_XII_851242_G_Homozygous_NON_SYNONYMOUS_CODING,PDR3,PDR3_II_220369_A_Homozygous_STOP_GAINED
CGCAGAAGAGATAATACTCTTGGCGGTTTGAAAAGAATTTGTCGTTTTTGTC,HAP1,HAP1_XII_650825_GAAACGCATAAATTTAATTGCAGCAATAAAAGGAGTGAAATCGATCAAACCAGTTCGAAC._Homozygous_CODON_CHANGE_PLUS_CODON_INSERTION,HAP1,HAP1_XII_650825_GAAACGCATAAATTTAATTGCAGCAATAAAAGGAGTGAAATCGATCAAACCAGTTCGAAC._Homozygous_CODON_CHANGE_PLUS_CODON_INSERTION
AAATAAATCCCGAACCGTTTTCGTATTCCTAAACGGAATTTTTTCTTCACCT,ISW2,ISW2_XV_887679_T_Homozygous_NON_SYNONYMOUS_CODING,ISW2,ISW2_XV_887679_T_Homozygous_NON_SYNONYMOUS_CODING
TGAAGAATATATAATATGTTTAACGTTTTGAAAAGAATTTGTCGTTTTTGTC,SUR1,SUR1_XVI_452532_A_Homozygous_NON_SYNONYMOUS_CODING,SUR1,SUR1_XVI_452532_A_Homozygous_NON_SYNONYMOUS_CODING
GACAAAAGCTCTAAAAGTATTTTTTTTTTGAAAAGAATTTGTCGTTTTTGTC,SUR1,SUR1_XVI_452746_T_Homozygous_STOP_GAINED,SUR1,SUR1_XVI_452746_T_Homozygous_STOP_GAINED
GTCCCAACTCGGAAAACACTTCGCAGTTTGAAAAGAATTTGTCGTTTTTGTC,SXM1;SIR4;MRPL49;YOR338W,SXM1_IV_1264095_T_Homozygous_FRAME_SHIFT;SIR4_IV_918354_A_Homozygous_NON_SYNONYMOUS_CODING;MRPL49_X_246952_G_Homozygous_NON_SYNONYMOUS_CODING;YOR338W_XV_957052_C_Homozygous_NON_SYNONYMOUS_CODING,SXM1;SIR4,SIR4_IV_918354_A_Homozygous_NON_SYNONYMOUS_CODING;SXM1_IV_1264095_T_Homozygous_FRAME_SHIFT
GAGACAATATGGAACGGTGTTTGTCGTCCTAAACGGAATTTTTTCTTCACCT,PDR1,PDR1_VII_469721_C_Homozygous_NON_SYNONYMOUS_CODING,PDR1,PDR1_VII_469721_C_Homozygous_NON_SYNONYMOUS_CODING
ACAAAAAGATATAACAAGCTTGAAGACCCGAAAAAGTTTTTTATCTTCAATG,OAF1,OAF1_I_50364_T_Homozygous_STOP_GAINED,OAF1,OAF1_I_50364_T_Homozygous_STOP_GAINED
TCTGTAAACACAAAAGCAGTTGTCATTCCTAAACGGAATTTTTTCTTCACCT,PDR1,PDR1_VII_470215_G_Homozygous_NON_SYNONYMOUS_CODING,PDR1,PDR1_VII_470215_G_Homozygous_NON_SYNONYMOUS_CODING
TGGACAACTTACAAATTTGTTTCTGATCCTAAACGGAATTTTTTCTTCACCT,PDR16,PDR16_XIV_216211_T_Homozygous_NON_SYNONYMOUS_CODING,PDR16,PDR16_XIV_216211_T_Homozygous_NON_SYNONYMOUS_CODING
AACTGAAGATAGAACGGTTTTGATTGTTTGAAAAGAATTTGTCGTTTTTGTC,PDR3,PDR3_II_218214_A_Homozygous_NON_SYNONYMOUS_CODING,PDR3,PDR3_II_218214_A_Homozygous_NON_SYNONYMOUS_CODING
CGGTTAAAACTGAACGTGTTTCGTGGTCCTAAACGGAATTTTTTCTTCACCT,PDR3,PDR3_II_220180_G_Homozygous_NON_SYNONYMOUS_CODING,PDR3,PDR3_II_220180_G_Homozygous_NON_SYNONYMOUS_CODING
ACCTGAAGCCGTAACCCGGTTTCGTGTTTGAAAAGAATTTGTCGTTTTTGTC,PDR5;PDR5,PDR5_XV_622207_A_Homozygous_NON_SYNONYMOUS_CODING;PDR5_XV_620344_A_Homozygous_NON_SYNONYMOUS_CODING,PDR5;PDR5,PDR5_XV_620344_A_Homozygous_NON_SYNONYMOUS_CODING;PDR5_XV_622207_A_Homozygous_NON_SYNONYMOUS_CODING
TTGTCAACCTTAAATGTATTTATATTTTTGAAAAGAATTTGTCGTTTTTGTC,PDR5,PDR5_XV_621828_T_Homozygous_NON_SYNONYMOUS_CODING,PDR5,PDR5_XV_621828_T_Homozygous_NON_SYNONYMOUS_CODING
GAAAAAAAACTCAAATAAATTTTATTTCCTAAACGGAATTTTTTCTTCACCT,PDR5,PDR5_XV_623028_G_Homozygous_NON_SYNONYMOUS_CODING,PDR5,PDR5_XV_623028_G_Homozygous_NON_SYNONYMOUS_CODING
ATTTAAACATTAAATAGTTTTATATGTTTGAAAAGAATTTGTCGTTTTTGTC,PDR5;RPA135,PDR5_XV_620303_C_Homozygous_NON_SYNONYMOUS_CODING;RPA135_XVI_580380_T_Homozygous_NON_SYNONYMOUS_CODING,PDR5,PDR5_XV_620303_C_Homozygous_NON_SYNONYMOUS_CODING
TTATGAATTCGGAAAACTGTTCTTGATCCTAAACGGAATTTTTTCTTCACCT,SUR1;ROM2,SUR1_XVI_451977_T_Homozygous_FRAME_SHIFT;ROM2_XII_864709_C_Homozygous_NON_SYNONYMOUS_CODING,SUR1,SUR1_XVI_451977_T_Homozygous_FRAME_SHIFT
CCAACAATGATCAAGTTTATTAAGACTCATTAAATAAATTGGTCATTTCTAA,ROX1,ROX1_XVI_679694_C_Homozygous_START_LOST,ROX1,ROX1_XVI_679694_C_Homozygous_START_LOST
TACAAAAATTCTAACGTCCTTAGCTTTCCTAAACGGAATTTTTTCTTCACCT,SUR1,SUR1_XVI_451982_T_Homozygous_STOP_GAINED,SUR1,SUR1_XVI_451982_T_Homozygous_STOP_GAINED
TTAGTAAACCCGAAGCCGCTTTATTATCCTAAACGGAATTTTTTCTTCACCT,YIL169C,YIL169C_IX_25419_CAGAAGTAGAGGAAGCTGATTGACTGACAGAGCTTGAGACACG_Heterozygous_CODON_INSERTION,YIL169C,YIL169C_IX_25419_CAGAAGTAGAGGAAGCTGATTGACTGACAGAGCTTGAGACACG_Heterozygous_CODON_INSERTION
TGTTGAAGGGTAAACCGGTTTTGTCCGTATAAACATTTTTTATACTTATTTA,YKL115C,YKL115C_XI_223179_AT_Heterozygous_FRAME_SHIFT,YKL115C,YKL115C_XI_223179_AT_Heterozygous_FRAME_SHIFT
CTCGCAAGTGCAAATCTGTTTTAGTTTCCTAAACGGAATTTTTTCTTCACCT,SUR1;TCB3,SUR1_XVI_452271_A_Homozygous_STOP_GAINED;TCB3_XIII_126313_A_Homozygous_NON_SYNONYMOUS_CODING,SUR1,SUR1_XVI_452271_A_Homozygous_STOP_GAINED
GCTATAAGAATAAACCACTTTTAGCCTCCTAAACGGAATTTTTTCTTCACCT,SUR1,SUR1_XVI_452501_G_Homozygous_NON_SYNONYMOUS_CODING,SUR1,SUR1_XVI_452501_G_Homozygous_NON_SYNONYMOUS_CODING
GTCATAATTTCGAAGGAACTTGAAAGTTTGAAAAGAATTTGTCGTTTTTGTC,SUR1,SUR1_XVI_452710_T_Homozygous_STOP_GAINED,SUR1,SUR1_XVI_452710_T_Homozygous_STOP_GAINED
AAAGTAAAATCTAAGAATTTTTTTTCTCCTAAACGGAATTTTTTCTTCACCT,SUR1,SUR1_XVI_452769_A_Homozygous_FRAME_SHIFT,SUR1,SUR1_XVI_452769_A_Homozygous_FRAME_SHIFT
CAATCAAGAACTAAAAGAATTAGCCCTTTGAAAAGAATTTGTCGTTTTTGTC,SXM1,SXM1_IV_1265415_AT_Homozygous_FRAME_SHIFT+STOP_GAINED,SXM1,SXM1_IV_1265415_AT_Homozygous_FRAME_SHIFT+STOP_GAINED
ACGTAAAGCGTCAAATTAGTTTCTTGTTTGAAAAGAATTTGTCGTTTTTGTC,SXM1,SXM1_IV_1263490_G_Homozygous_FRAME_SHIFT,SXM1,SXM1_IV_1263490_G_Homozygous_FRAME_SHIFT
TCTTCAATCTTGAATAATATTTAGACTCCTAAACGGAATTTTTTCTTCACCT,UPC2,UPC2_IV_892409_C_Homozygous_NON_SYNONYMOUS_CODING,UPC2,UPC2_IV_892409_C_Homozygous_NON_SYNONYMOUS_CODING
AGCTTAATAAAAAATAACATTGATGCTCCTAAACGGAATTTTTTCTTCACCT,UPC2,UPC2_IV_892295_G_Homozygous_NON_SYNONYMOUS_CODING,UPC2,UPC2_IV_892295_G_Homozygous_NON_SYNONYMOUS_CODING
CATCTAATCATCAATCAACTTACTTTCCATGAACATATTTGTCAATTACTTA,ABZ1;CHS3;VPS15,ABZ1_XIV_689687_A_Heterozygous_NON_SYNONYMOUS_CODING;CHS3_II_287387_A_Heterozygous_NON_SYNONYMOUS_CODING;VPS15_II_437098_A_Heterozygous_NON_SYNONYMOUS_CODING,,
GAGGGAATTCTGAACGGTATTCTGAGCCATGAACATATTTGTCAATTACTTA,YFR016C;ACT1,YFR016C_VI_178237_C_Heterozygous_NON_SYNONYMOUS_CODING;ACT1_VI_54252_T_Heterozygous_NON_SYNONYMOUS_CODING,YFR016C,YFR016C_VI_178237_C_Heterozygous_NON_SYNONYMOUS_CODING
ACTAAAACATAGAACTAGATTTTTATCCATGAACATATTTGTCAATTACTTA,ALG1,ALG1_II_459070_C_Heterozygous_NON_SYNONYMOUS_CODING,ALG1,ALG1_II_459070_C_Heterozygous_NON_SYNONYMOUS_CODING
CGAAAAACTTTAAAGTATGTTATTGTCCATGAACATATTTGTCAATTACTTA,APC2;RPL42B;YDR042C,APC2_XII_396915_G_Heterozygous_NON_SYNONYMOUS_CODING;RPL42B_VIII_382290_A_Heterozygous_STOP_GAINED;YDR042C_IV_540915_C_Heterozygous_NON_SYNONYMOUS_CODING,,
TTAGCAAAAAACAAAGGAGTTGTGCTCCATGAACATATTTGTCAATTACTTA,UBP15;ARN2,UBP15_XIII_875001_A_Heterozygous_NON_SYNONYMOUS_CODING;ARN2_VIII_9930_A_Heterozygous_NON_SYNONYMOUS_CODING,UBP15,UBP15_XIII_875001_A_Heterozygous_NON_SYNONYMOUS_CODING
TTTAAAAATGACAACCTAGTTGGATACCATGAACATATTTGTCAATTACTTA,ARX1,ARX1_IV_656407_G_Heterozygous_NON_SYNONYMOUS_CODING,ARX1,ARX1_IV_656407_G_Heterozygous_NON_SYNONYMOUS_CODING
AGTAAAAAGTGCAAATGGCTTGTTGTAGGTAAAACCACTTCCCAATTTGGGC,FMP40;TUP1,FMP40_XVI_130560_A_Heterozygous_NON_SYNONYMOUS_CODING;TUP1_III_261206_A_Heterozygous_FRAME_SHIFT,FMP40;TUP1,FMP40_XVI_130560_A_Heterozygous_NON_SYNONYMOUS_CODING;TUP1_III_261206_A_Heterozygous_FRAME_SHIFT
CGATTAATTTATAATTTACTTGGGCTCCATGAACATATTTGTCAATTACTTA,GUD1,GUD1_IV_29692_A_Heterozygous_NON_SYNONYMOUS_CODING,GUD1,GUD1_IV_29692_A_Heterozygous_NON_SYNONYMOUS_CODING
TTTGTAAGTACAAATAAAATTGCCTTCCATGAACATATTTGTCAATTACTTA,CIN5,CIN5_XV_384114_A_Heterozygous_STOP_GAINED,CIN5,CIN5_XV_384114_A_Heterozygous_STOP_GAINED
GGACAAACTGTGAACTGCTTTGCGCTCCATGAACATATTTGTCAATTACTTA,TTI1,TTI1_XI_378366_T_Heterozygous_NON_SYNONYMOUS_CODING,TTI1,TTI1_XI_378366_T_Heterozygous_NON_SYNONYMOUS_CODING
ACATAAACATTTAACAGTTTTTTATGCCATGAACATATTTGTCAATTACTTA,KAP104;ORC5;YIR020C-B,KAP104_II_273191_G_Heterozygous_NON_SYNONYMOUS_CODING;ORC5_XIV_156215_A_Heterozygous_NON_SYNONYMOUS_CODING;YIR020C-B_IX_397837_C_Heterozygous_NON_SYNONYMOUS_CODING,KAP104,KAP104_II_273191_G_Heterozygous_NON_SYNONYMOUS_CODING
ACGAAAAAATGTAAACGAGTTACCCCATGGTAAAAGTGTTATCCATTGTGGA,HFD1,HFD1_XIII_490591_C_Heterozygous_NON_SYNONYMOUS_CODING,HFD1,HFD1_XIII_490591_C_Heterozygous_NON_SYNONYMOUS_CODING
ATCATAACATTAAACGTGTTTAAAGACCATGAACATATTTGTCAATTACTTA,HXT8,HXT8_X_27751_T_Heterozygous_NON_SYNONYMOUS_CODING,HXT8,HXT8_X_27751_T_Heterozygous_NON_SYNONYMOUS_CODING
GTATCAACTTGGAATTTGCTTGACTCCCATGAACATATTTGTCAATTACTTA,IOC2,IOC2_XII_331960_C_Heterozygous_NON_SYNONYMOUS_CODING,IOC2,IOC2_XII_331960_C_Heterozygous_NON_SYNONYMOUS_CODING
CATTAAACCGCTAATTGTGTTCAGTGCCATGAACATATTTGTCAATTACTTA,JJJ2;NMD5;YBL065W,JJJ2_X_114871_A_Heterozygous_CODON_CHANGE_PLUS_CODON_DELETION;NMD5_X_670623_T_Heterozygous_NON_SYNONYMOUS_CODING;YBL065W_II_100187_C_Heterozygous_NON_SYNONYMOUS_CODING,,
TATGCAAAATGTAATGGTGTTTTTCGCCATGAACATATTTGTCAATTACTTA,UBP15,UBP15_XIII_875001_A_Heterozygous_NON_SYNONYMOUS_CODING,UBP15,UBP15_XIII_875001_A_Heterozygous_NON_SYNONYMOUS_CODING
ACTCAAACTAGGAAGATTATTTGGTACCATGAACATATTTGTCAATTACTTA,MEP1;NDE1,MEP1_VII_732668_A_Heterozygous_NON_SYNONYMOUS_CODING;NDE1_XIII_555452_A_Heterozygous_STOP_GAINED,,
GTTAGAACTTTTAACTGATTTTAGGCATGGTAAAAGTGTTATCCATTGTGGA,MES1,MES1_VII_1021486_T_Heterozygous_NON_SYNONYMOUS_CODING,MES1,MES1_VII_1021486_T_Heterozygous_NON_SYNONYMOUS_CODING
AACAAAACTGATAAGCCAGTTCCGATCCATGAACATATTTGTCAATTACTTA,YHK8,YHK8_VIII_205616_C_Heterozygous_NON_SYNONYMOUS_CODING,YHK8,YHK8_VIII_205616_C_Heterozygous_NON_SYNONYMOUS_CODING
GATCCAAAAATAAATTAGGTTGTCTTAGGTAAAACCACTTCCCAATTTGGGC,PDR1,PDR1_VII_470234_T_Heterozygous_NON_SYNONYMOUS_CODING,PDR1,PDR1_VII_470234_T_Heterozygous_NON_SYNONYMOUS_CODING
TTGAAAATCATAAAGCCAATTGCTCCCCATGAACATATTTGTCAATTACTTA,PET494;PSY2,PET494_XIV_706242_A_Heterozygous_NON_SYNONYMOUS_CODING;PSY2_XIV_262597_A_Heterozygous_NON_SYNONYMOUS_CODING,PET494;PSY2,PET494_XIV_706242_A_Heterozygous_NON_SYNONYMOUS_CODING;PSY2_XIV_262597_A_Heterozygous_NON_SYNONYMOUS_CODING
AAGAGAAAACTAAATACTTTTGGACAATGGTAAAAGTGTTATCCATTGTGGA,PRM2;STE24,PRM2_IX_284717_G_Heterozygous_NON_SYNONYMOUS_CODING;STE24_X_643157_G_Heterozygous_STOP_GAINED,,
ATAGAAACAATTAAAGCCCTTAAACTCCATGAACATATTTGTCAATTACTTA,YFR016C,YFR016C_VI_178237_C_Heterozygous_NON_SYNONYMOUS_CODING,YFR016C,YFR016C_VI_178237_C_Heterozygous_NON_SYNONYMOUS_CODING
CTTCGAATGTGCAAAGGCTTTTTGGGCCATGAACATATTTGTCAATTACTTA,SAS3;STU1,SAS3_II_119979_ACTT_Heterozygous_CODON_CHANGE_PLUS_CODON_INSERTION;STU1_II_156487_C_Heterozygous_NON_SYNONYMOUS_CODING STU1_II_156489_T_Heterozygous_NON_SYNONYMOUS_CODING,,
GTATTAACTCGGAATCCCCTTTGCATCCATGAACATATTTGTCAATTACTTA,TPD3,TPD3_I_125866_A_Heterozygous_NON_SYNONYMOUS_CODING,TPD3,TPD3_I_125866_A_Heterozygous_NON_SYNONYMOUS_CODING
TATCTAACGTTAAAATTTCTTGAAAACCATGAACATATTTGTCAATTACTTA,YDL121C,YDL121C_IV_245414_GT_Heterozygous_FRAME_SHIFT,YDL121C,YDL121C_IV_245414_GT_Heterozygous_FRAME_SHIFT
TTTCTAAATTCGAAGAACTTTGTTCGGCCGAAACAGGGTTGCGGGTTGGAGG,SUA5,SUA5_VII_187094_G_Homozygous_NON_SYNONYMOUS_CODING,SUA5,SUA5_VII_187094_G_Homozygous_NON_SYNONYMOUS_CODING
TGCAGAAACAAAAAACCCGTTGGATGCGATCAACAGTGTTGCGCTTTATACG,PHO23,PHO23_XIV_442303_A_Homozygous_NON_SYNONYMOUS_CODING,PHO23,PHO23_XIV_442303_A_Homozygous_NON_SYNONYMOUS_CODING
ATTTAAATGTATAATCGGTTTAAGATCGATCAACAGTGTTGCGCTTTATACG,IRA2,IRA2_XV_172862_G_Homozygous_NON_SYNONYMOUS_CODING,IRA2,IRA2_XV_172862_G_Homozygous_NON_SYNONYMOUS_CODING
CCAGTAATCTAAAAGTTATTTTGTAGTTCCCAAGCGAATTATATTTTTGAGA,PDR3,PDR3_II_218214_G_Homozygous_NON_SYNONYMOUS_CODING,PDR3,PDR3_II_218214_G_Homozygous_NON_SYNONYMOUS_CODING
ATCACAATACGAAACCAAGTTTGTCTTTCCCAAGCGAATTATATTTTTGAGA,PDR3;NUP116;NNF2,PDR3_II_219589_T_Homozygous_NON_SYNONYMOUS_CODING;NUP116_XIII_364541_A_Homozygous_NON_SYNONYMOUS_CODING;NNF2_VII_657257_A_Homozygous_NON_SYNONYMOUS_CODING,PDR3;NUP116,NUP116_XIII_364541_A_Homozygous_NON_SYNONYMOUS_CODING;PDR3_II_219589_T_Homozygous_NON_SYNONYMOUS_CODING
GTGTAAATTTTGAAGTGTGTTGTCCCCAACAAAAGCGTTTTTTACTTGTAAT,PDR3,PDR3_II_220356_C_Homozygous_NON_SYNONYMOUS_CODING,PDR3,PDR3_II_220356_C_Homozygous_NON_SYNONYMOUS_CODING
GTTCTAACTACTAACCTGATTAATATCTAGCAATGGTATTGGAGTTTCCTCT,PDR1;RVS167;SFK1,PDR1_VII_469675_G_Homozygous_NON_SYNONYMOUS_CODING;RVS167_IV_1250606_C_Homozygous_NON_SYNONYMOUS_CODING;SFK1_XI_341606_A_Homozygous_NON_SYNONYMOUS_CODING,PDR1;RVS167,PDR1_VII_469675_G_Homozygous_NON_SYNONYMOUS_CODING;RVS167_IV_1250606_C_Homozygous_NON_SYNONYMOUS_CODING
TCTAGAATCGGCAAGACCGTTAATTGTTCCCAAGCGAATTATATTTTTGAGA,PDR1;RPO21;SEC8;PHO81;CDC55,PDR1_VII_469711_C_Homozygous_NON_SYNONYMOUS_CODING;RPO21_IV_206036_T_Homozygous_NON_SYNONYMOUS_CODING;SEC8_XVI_669472_C_Homozygous_NON_SYNONYMOUS_CODING;PHO81_VII_956418_T_Homozygous_FRAME_SHIFT;CDC55_VII_145981_T_Homozygous_NON_SYNONYMOUS_CODING,PDR1;RPO21,PDR1_VII_469711_C_Homozygous_NON_SYNONYMOUS_CODING;RPO21_IV_206036_T_Homozygous_NON_SYNONYMOUS_CODING
GCGACAACGGGGAAGCCGGTTGGGGGCAACAAAAGCGTTTTTTACTTGTAAT,PDR1;HIS5,PDR1_VII_470059_G_Homozygous_NON_SYNONYMOUS_CODING;HIS5_IX_143033_A_Homozygous_NON_SYNONYMOUS_CODING,PDR1,PDR1_VII_470059_G_Homozygous_NON_SYNONYMOUS_CODING
AAACGAACGGTGAACTCTATTTATCGTTCCCAAGCGAATTATATTTTTGAGA,PDR1;YSC84;HLR1,PDR1_VII_469151_C_Homozygous_NON_SYNONYMOUS_CODING;YSC84_VIII_136942_T_Homozygous_NON_SYNONYMOUS_CODING;HLR1_IV_1494918_A_Homozygous_NON_SYNONYMOUS_CODING,PDR1;YSC84,PDR1_VII_469151_C_Homozygous_NON_SYNONYMOUS_CODING;YSC84_VIII_136942_T_Homozygous_NON_SYNONYMOUS_CODING
CAGCCAACCGCTAATAACCTTAGACTTTCCCAAGCGAATTATATTTTTGAGA,PDR1;SPO21,PDR1_VII_469154_G_Homozygous_NON_SYNONYMOUS_CODING;SPO21_XV_146211_G_Homozygous_NON_SYNONYMOUS_CODING,PDR1,PDR1_VII_469154_G_Homozygous_NON_SYNONYMOUS_CODING
ACCGTAATTCGCAAGGCCATTGGTAATAATTAACATCATTTAGTGTTACTGA,PDR1;URA3,PDR1_VII_469688_A_Homozygous_NON_SYNONYMOUS_CODING;URA3_V_116410_T_Homozygous_NON_SYNONYMOUS_CODING URA3_V_116410_T_Heterozygous_NON_SYNONYMOUS_CODING,PDR1;URA3,PDR1_VII_469688_A_Homozygous_NON_SYNONYMOUS_CODING;URA3_V_116410_T_Homozygous_NON_SYNONYMOUS_CODING URA3_V_116410_T_Heterozygous_NON_SYNONYMOUS_CODING
CTAGGAAGTAGCAAAAGGCTTTCTATTACAAAACACGTTTTCGGCTTAGCAA,PDR1,PDR1_VII_469688_A_Homozygous_NON_SYNONYMOUS_CODING,PDR1,PDR1_VII_469688_A_Homozygous_NON_SYNONYMOUS_CODING
GCTACAATTCAGAAGGAAGTTCGATATTGAGAATTTCATTATGGCTTTTCTG,PDR1;ABF1,PDR1_VII_469698_G_Homozygous_NON_SYNONYMOUS_CODING;ABF1_XI_227211_A_Homozygous_NON_SYNONYMOUS_CODING,PDR1,PDR1_VII_469698_G_Homozygous_NON_SYNONYMOUS_CODING
GCTCTAAGAAAGAAATGCGTTGCTAGTACAAAACACGTTTTCGGCTTAGCAA,PDR1,PDR1_VII_469858_T_Homozygous_NON_SYNONYMOUS_CODING,PDR1,PDR1_VII_469858_T_Homozygous_NON_SYNONYMOUS_CODING
CTCGTAATGTGTAAAATTCTTTGGGACAACAAAAGCGTTTTTTACTTGTAAT,PDR1;RPL25,PDR1_VII_469858_T_Homozygous_NON_SYNONYMOUS_CODING;RPL25_XV_80857_T_Homozygous_STOP_GAINED,PDR1,PDR1_VII_469858_T_Homozygous_NON_SYNONYMOUS_CODING
TCGTCAAGTGGGAAGGATATTCCTCGTAATTAACATCATTTAGTGTTACTGA,PDR1;URA3;PRY3,PDR1_VII_469858_T_Homozygous_NON_SYNONYMOUS_CODING;URA3_V_116410_T_Homozygous_NON_SYNONYMOUS_CODING;PRY3_X_293743_G_Homozygous_NON_SYNONYMOUS_CODING,PDR1;URA3,PDR1_VII_469858_T_Homozygous_NON_SYNONYMOUS_CODING;URA3_V_116410_T_Homozygous_NON_SYNONYMOUS_CODING
CAGGTAATTATAAAACTCTTTGATTTTAATTAACATCATTTAGTGTTACTGA,PDR1;URA3;YCL076W;YOR093C;SED4;LOS1,PDR1_VII_469937_C_Homozygous_NON_SYNONYMOUS_CODING;URA3_V_116410_T_Homozygous_NON_SYNONYMOUS_CODING URA3_V_116410_T_Heterozygous_NON_SYNONYMOUS_CODING;YCL076W_III_1955_C_Homozygous_NON_SYNONYMOUS_CODING;YOR093C_XV_501147_T_Homozygous_NON_SYNONYMOUS_CODING;SED4_III_235070_C_Homozygous_NON_SYNONYMOUS_CODING;LOS1_XI_51993_T_Homozygous_NON_SYNONYMOUS_CODING,PDR1;URA3;YCL076W,PDR1_VII_469937_C_Homozygous_NON_SYNONYMOUS_CODING;URA3_V_116410_T_Homozygous_NON_SYNONYMOUS_CODING URA3_V_116410_T_Heterozygous_NON_SYNONYMOUS_CODING;YCL076W_III_1955_C_Homozygous_NON_SYNONYMOUS_CODING
ACTCTAACGTAAAACCGGTTTCCGGACAACAAAAGCGTTTTTTACTTGTAAT,PDR1;YHR131C;COS12,PDR1_VII_470046_C_Homozygous_NON_SYNONYMOUS_CODING;YHR131C_VIII_365370_ATCG_Homozygous_CODON_CHANGE_PLUS_CODON_INSERTION;COS12_VII_3139_C_Homozygous_NON_SYNONYMOUS_CODING,PDR1,PDR1_VII_470046_C_Homozygous_NON_SYNONYMOUS_CODING
GTAGGAAACGTCAAACAAGTTATCTCTTCCCAAGCGAATTATATTTTTGAGA,PDR1;EXO70;MMT1,PDR1_VII_470158_C_Homozygous_NON_SYNONYMOUS_CODING;EXO70_X_273128_T_Homozygous_NON_SYNONYMOUS_CODING;MMT1_XIII_616663_T_Homozygous_NON_SYNONYMOUS_CODING,PDR1,PDR1_VII_470158_C_Homozygous_NON_SYNONYMOUS_CODING
ATTACAAGTAGCAAGGACATTAGATTTACAAAACACGTTTTCGGCTTAGCAA,PDR1,PDR1_VII_470235_G_Homozygous_NON_SYNONYMOUS_CODING,PDR1,PDR1_VII_470235_G_Homozygous_NON_SYNONYMOUS_CODING
TTCCAAAATCTTAATTTCTTTAATGTTTCCCAAGCGAATTATATTTTTGAGA,PDR1,PDR1_VII_470246_T_Homozygous_NON_SYNONYMOUS_CODING,PDR1,PDR1_VII_470246_T_Homozygous_NON_SYNONYMOUS_CODING
GAATTAACCAGGAAATCGCTTGACACTTCCCAAGCGAATTATATTTTTGAGA,PDR1;HSP82;CDC13,PDR1_VII_470478_C_Homozygous_NON_SYNONYMOUS_CODING;HSP82_XVI_98510_A_Homozygous_NON_SYNONYMOUS_CODING;CDC13_IV_64975_A_Homozygous_NON_SYNONYMOUS_CODING,PDR1,PDR1_VII_470478_C_Homozygous_NON_SYNONYMOUS_CODING
ATGCAAAATCACAAAACGCTTAAATGTTACTAAAAGTCTTCTATGTTTTCAT,PDR1;YER064C;DSE2;YNL320W;SLD2,PDR1_VII_470681_G_Homozygous_NON_SYNONYMOUS_CODING;YER064C_V_283361_A_Homozygous_STOP_GAINED;DSE2_VIII_386470_A_Homozygous_NON_SYNONYMOUS_CODING;YNL320W_XIV_37944_C_Homozygous_NON_SYNONYMOUS_CODING;SLD2_XI_235667_T_Homozygous_NON_SYNONYMOUS_CODING,PDR1,PDR1_VII_470681_G_Homozygous_NON_SYNONYMOUS_CODING
CGTTCAATACAGAAGATGTTTGTGACTTCCCAAGCGAATTATATTTTTGAGA,PDR1;UTP9,PDR1_VII_471226_C_Homozygous_NON_SYNONYMOUS_CODING;UTP9_VIII_493422_A_Homozygous_NON_SYNONYMOUS_CODING,PDR1,PDR1_VII_471226_C_Homozygous_NON_SYNONYMOUS_CODING
TTATGAAATGTGAAGAAGTTTGAAAATACAAAACACGTTTTCGGCTTAGCAA,PDR1;THO2;MSC2;PLB3,PDR1_VII_471398_A_Homozygous_NON_SYNONYMOUS_CODING;THO2_XIV_365401_C_Homozygous_NON_SYNONYMOUS_CODING;MSC2_IV_859524_C_Homozygous_NON_SYNONYMOUS_CODING;PLB3_XV_306296_A_Homozygous_NON_SYNONYMOUS_CODING,PDR1,PDR1_VII_471398_A_Homozygous_NON_SYNONYMOUS_CODING
CCCCCAACATCGAAAGGGATTAAGCGTTCCCAAGCGAATTATATTTTTGAGA,PDR1;LEU1;SEC16,PDR1_VII_471398_A_Homozygous_NON_SYNONYMOUS_CODING;LEU1_VII_478493_T_Homozygous_NON_SYNONYMOUS_CODING;SEC16_XVI_390521_G_Homozygous_NON_SYNONYMOUS_CODING,PDR1,PDR1_VII_471398_A_Homozygous_NON_SYNONYMOUS_CODING
ATACTAAGTCATAAATGAATTCGCCATACAAAACACGTTTTCGGCTTAGCAA,PDR1;USE1;MMS22;GCY1,PDR1_VII_471490_G_Homozygous_NON_SYNONYMOUS_CODING;USE1_VII_317456_T_Homozygous_NON_SYNONYMOUS_CODING;MMS22_XII_775187_G_Homozygous_NON_SYNONYMOUS_CODING;GCY1_XV_551226_T_Homozygous_NON_SYNONYMOUS_CODING,PDR1,PDR1_VII_471490_G_Homozygous_NON_SYNONYMOUS_CODING
AAGCTAATTAGAAATCGGTTTCGGACTTCCCAAGCGAATTATATTTTTGAGA,PDR1;COX6,PDR1_VII_471518_A_Homozygous_NON_SYNONYMOUS_CODING PDR1_VII_471517_A_Homozygous_NON_SYNONYMOUS_CODING;COX6_VIII_209949_G_Homozygous_NON_SYNONYMOUS_CODING,PDR1,PDR1_VII_471518_A_Homozygous_NON_SYNONYMOUS_CODING PDR1_VII_471517_A_Homozygous_NON_SYNONYMOUS_CODING
TGGCGAAATCTCAAGTAGCTTGTAGGCAACAAAAGCGTTTTTTACTTGTAAT,PDR1;HPT1;AZF1;HIS7;YHR033W;PRY2;KKQ8,PDR1_VII_471524_C_Homozygous_NON_SYNONYMOUS_CODING;HPT1_IV_1270492_G_Homozygous_NON_SYNONYMOUS_CODING;AZF1_XV_534360_A_Homozygous_NON_SYNONYMOUS_CODING;HIS7_II_715056_T_Homozygous_STOP_GAINED;YHR033W_VIII_175591_A_Homozygous_STOP_GAINED;PRY2_XI_464449_T_Homozygous_NON_SYNONYMOUS_CODING;KKQ8_XI_132703_C_Homozygous_NON_SYNONYMOUS_CODING,PDR1,PDR1_VII_471524_C_Homozygous_NON_SYNONYMOUS_CODING
AAACTAATATCTAAAAGAATTAACACTACAAAACACGTTTTCGGCTTAGCAA,PDR3;ZIP2,PDR3_II_219851_C_Homozygous_NON_SYNONYMOUS_CODING;ZIP2_VII_34379_T_Homozygous_STOP_GAINED,PDR3,PDR3_II_219851_C_Homozygous_NON_SYNONYMOUS_CODING
ATGGCAAATCCTAAGTACTTTAGGGATAATTAACATCATTTAGTGTTACTGA,PDR1;URA3,PDR1_VII_469423_A_Homozygous_NON_SYNONYMOUS_CODING;URA3_V_116410_T_Homozygous_NON_SYNONYMOUS_CODING,PDR1;URA3,PDR1_VII_469423_A_Homozygous_NON_SYNONYMOUS_CODING;URA3_V_116410_T_Homozygous_NON_SYNONYMOUS_CODING
AGGAAAATGGCTAATTGTCTTAATGGTTCCCAAGCGAATTATATTTTTGAGA,PDR1;TAM41;MPS2,PDR1_VII_470132_T_Homozygous_NON_SYNONYMOUS_CODING;TAM41_VII_585355_C_Homozygous_NON_SYNONYMOUS_CODING;MPS2_VII_367902_G_Homozygous_NON_SYNONYMOUS_CODING,PDR1,PDR1_VII_470132_T_Homozygous_NON_SYNONYMOUS_CODING
TCCCCAAGTAGGAAGGTAATTCGGATAGCTTAAGCGATTTATCGTTTCATCC,PDR1;CWC22;NCA2,PDR1_VII_470768_C_Homozygous_NON_SYNONYMOUS_CODING;CWC22_VII_1047514_G_Homozygous_NON_SYNONYMOUS_CODING;NCA2_XVI_835782_A_Homozygous_NON_SYNONYMOUS_CODING,PDR1,PDR1_VII_470768_C_Homozygous_NON_SYNONYMOUS_CODING
AATGAAATATAAAAAGTAATTTTAATTACAAAACACGTTTTCGGCTTAGCAA,PDR1,PDR1_VII_470804_C_Homozygous_NON_SYNONYMOUS_CODING,PDR1,PDR1_VII_470804_C_Homozygous_NON_SYNONYMOUS_CODING
TTAGGAATAAGGAAGGGTCTTGTTTTTACAAAACACGTTTTCGGCTTAGCAA,PDR1;UTP20,PDR1_VII_469844_T_Homozygous_NON_SYNONYMOUS_CODING;UTP20_II_230781_G_Homozygous_NON_SYNONYMOUS_CODING,PDR1,PDR1_VII_469844_T_Homozygous_NON_SYNONYMOUS_CODING
CAGACAAAATCAAACTTACTTTATTTTACAAAACACGTTTTCGGCTTAGCAA,PDR3;YKL222C,PDR3_II_219597_C_Homozygous_NON_SYNONYMOUS_CODING;YKL222C_XI_4995_A_Homozygous_NON_SYNONYMOUS_CODING,PDR3,PDR3_II_219597_C_Homozygous_NON_SYNONYMOUS_CODING
AGCTGAAATAGTAACTCGTTTATGTATACAAAACACGTTTTCGGCTTAGCAA,PDR1,PDR1_VII_469713_C_Homozygous_NON_SYNONYMOUS_CODING,PDR1,PDR1_VII_469713_C_Homozygous_NON_SYNONYMOUS_CODING
TATGTAAACCACAAGGGCGTTGTGAGTTCCCAAGCGAATTATATTTTTGAGA,PDR3,PDR3_II_219511_A_Homozygous_NON_SYNONYMOUS_CODING,PDR3,PDR3_II_219511_A_Homozygous_NON_SYNONYMOUS_CODING
CTTACAAAGTTCAACATGTTTAACCGTACAAAACACGTTTTCGGCTTAGCAA,PDR3,PDR3_II_220345_A_Homozygous_NON_SYNONYMOUS_CODING,PDR3,PDR3_II_220345_A_Homozygous_NON_SYNONYMOUS_CODING
ACGAAAACCTTAAATTCGTTTGTTTTTTCCCAAGCGAATTATATTTTTGAGA,PDR1;YOR022C,PDR1_VII_470048_T_Homozygous_NON_SYNONYMOUS_CODING;YOR022C_XV_374201_T_Homozygous_NON_SYNONYMOUS_CODING,PDR1,PDR1_VII_470048_T_Homozygous_NON_SYNONYMOUS_CODING
GAGCTAATTATAAATGGCATTTATTTCAACAAAAGCGTTTTTTACTTGTAAT,PDR1;ALD2;AGA1,PDR1_VII_469120_C_Homozygous_NON_SYNONYMOUS_CODING;ALD2_XIII_602745_A_Homozygous_NON_SYNONYMOUS_CODING;AGA1_XIV_704423_T_Homozygous_NON_SYNONYMOUS_CODING,PDR1,PDR1_VII_469120_C_Homozygous_NON_SYNONYMOUS_CODING
ACCATAACCATTAATAATTTTTGCGCAGCTTAAGCGATTTATCGTTTCATCC,PDR1,PDR1_VII_469695_G_Homozygous_NON_SYNONYMOUS_CODING,PDR1,PDR1_VII_469695_G_Homozygous_NON_SYNONYMOUS_CODING
CGGATAAATGTTAATACTGTTATTCGTTCCCAAGCGAATTATATTTTTGAGA,PDR1,PDR1_VII_469709_G_Homozygous_NON_SYNONYMOUS_CODING,PDR1,PDR1_VII_469709_G_Homozygous_NON_SYNONYMOUS_CODING
AGCTAAAAGTGTAAGCGTGTTAGAACTACAAAACACGTTTTCGGCTTAGCAA,PDR1,PDR1_VII_470040_AGAATAATGGGCGAACGAACGGTATACG_Homozygous_CODON_CHANGE_PLUS_CODON_INSERTION,PDR1,PDR1_VII_470040_AGAATAATGGGCGAACGAACGGTATACG_Homozygous_CODON_CHANGE_PLUS_CODON_INSERTION
TACGTAATCTTAAAATGCATTCACAATTCCCAAGCGAATTATATTTTTGAGA,PDR1;YNL140C,PDR1_VII_470826_G_Homozygous_NON_SYNONYMOUS_CODING;YNL140C_XIV_361406_C_Homozygous_NON_SYNONYMOUS_CODING,PDR1,PDR1_VII_470826_G_Homozygous_NON_SYNONYMOUS_CODING
AAATTAACATGTAAGCCAGTTACATATTCCCAAGCGAATTATATTTTTGAGA,CHO2;PET123,CHO2_VII_804846_G_Homozygous_NON_SYNONYMOUS_CODING;PET123_XV_632896_A_Homozygous_NON_SYNONYMOUS_CODING,,
