Barcode,File,BFAs
AAATAAAATTAAAACAGAGTTTGGTCCCATGAACATATTTGTCAATTACTTA,FLC_2N_Plate3_FLC-P3-E8-CGAGGCTG-TACTCCTT_S26,dBFA2;hBFA2
AGGAAAATGGCTAATTGTCTTAATGGTTCCCAAGCGAATTATATTTTTGAGA,CLM_clones_1N_P1-G12-ATCTCAGG-ATTAGACG_S84,hBFA1;hBFA2
TTTCTAAATTCGAAGAACTTTGTTCGGCCGAAACAGGGTTGCGGGTTGGAGG,GlyEtOH_1N_GE_1_C12_AGGCAGAA-TCGGTTAA,hBFA1
TCGGAAAACCAGAAGTGCGTTAGGCGAATAGAATCATCTTACTTCTTATTAC,GlyEtOH_1N_GE_1_D10_all,hBFA1
CCAGAAACTGGGAATAGCGTTGGTTGCGGTTAATGGCTTTCTTCTTTGCTTG,Dip_clone_Env_dBFA2_WGS_10D_1_D4_S17,dBFA2
TAAGGAATCTGCAAAAGATTTGGAGCAGGAGAACGGGGTTGGGGGTTGGGGG,GlyEtOH_1N_GE_1_E10_all,hBFA1;hBFA2
TTTTAAATACGAAAAGATTTTTCGTCCACATAACATGCTTTTTAATTTGTCG,Dip_clone_Env_dBFA2_WGS_10D_1_F3_S65,dBFA2
GTGATAAGGGGTAAACTTTTTCGTGCGGTAAAACCAGATTTGGCATTCACTA,GlyEtOH_1N_GE_1_F02_TAGGCATG-CGTACCGG,hBFA1;hBFA2
GACCGAATGGTAAATAATTTTCCAAGTACCCAACGAAATTGTGTTTTTTTGA,Dip_clone_Env_dBFA2_WGS_11C_4_A4_S18,dBFA2
ATTTAAATGTATAATCGGTTTAAGATCGATCAACAGTGTTGCGCTTTATACG,GlyEtOH_1N_GE_1_F03_TAGGCATG-GATGACGG,hBFA1
TAATCAACCTCGAATAGTTTTGTGGCGTGTCAATCGATTTTTTTGTTATGTA,Dip_clone_Env_dBFA2_WGS_11C_4_B4_S48,dBFA2
CTGTGAAAAGCGAACTTTGTTATATAGCCGAAACAGGGTTGCGGGTTGGAGG,GlyEtOH_1N_GE_1_F10_all,hBFA1
CGACAAAGTGGTAAGGTCGTTTTGGGTACCCAACGAAATTGTGTTTTTTTGA,Dip_clone_Env_dBFA2_WGS_11C_4_C4_S57,dBFA2
ACTAAAACCCTTAATATGGTTTACAAGTGTCAATCGATTTTTTTGTTATGTA,Dip_clone_Env_dBFA2_WGS_11C_4_E9_S39,dBFA2
ACTACAACCCAAAACTGGGTTACCTTAATAGAATCATCTTACTTCTTATTAC,GlyEtOH_1N_GE_1_F12_TAGGCATG-TCGGTTAA,hBFA1
TGCACAAAATAAAATATCCTTCCTGAGTGTCAATCGATTTTTTTGTTATGTA,Dip_clone_Env_dBFA2_WGS_11C_4_G6_S58,dBFA2
GTAGCAACCTGTAATTTTTTTATCTCGTGTCAATCGATTTTTTTGTTATGTA,Dip_clone_Env_dBFA2_WGS_11C_4_H8_S76,dBFA2
TATAAAACGTCAAACTGGATTTCTGGGCCGAAACAGGGTTGCGGGTTGGAGG,GlyEtOH_1N_GE_1_H06_CAGAGAGG-GCATCGTT,hBFA1
ACGTTAATGTGGAACGTGATTGTAGTTCATGAAACACATTCATCGTTTACGA,Dip_clone_Env_dBFA2_WGS_4C_1_A5_S1,dBFA2
GTGGAAATAGCGAAGATGGTTAGTTTCATTTAATAGTGTTTGCGTTTAATCT,CLM_2N_Batch2_CLM-2N-R1-2-A2_S32,dBFA2
ATGAGAAACCTTAACGTGATTAGGTACCCAGAATGGGGTTTGTGTTTTAGGA,Dip_clone_Env_dBFA2_WGS_4C_1_B11_S21,dBFA2
CTTAGAACAGCTAACGGATTTTTAAGCCCAGAATGGGGTTTGTGTTTTAGGA,Dip_clone_Env_dBFA2_WGS_4C_1_E3_S2,dBFA2
ACGTAAACCAAGAATTTATTTCCGATTTATTAACTTCATTAGTAATTTGTTG,CLM_2N_Batch2_CLM-2N-R1-2-A3_S40,dBFA2
CAACAAAACAGTAATAATGTTTGCTTCCCAGAATGGGGTTTGTGTTTTAGGA,Dip_clone_Env_dBFA2_WGS_4C_1_G7_S32,dBFA2
ATGTCAAAATGAAACTTAGTTACTGTGCCGAAACAGGGTTGCGGGTTGGAGG,GlyEtOH_1N_GE_1_H10_all,hBFA1
AAGACAAGGTGTAATGCTGTTAAATCATATAAACTTTGTTTGTTCTTTAGGT,Dip_clone_Env_dBFA2_WGS_6C_1_A4_S23,dBFA2
TTAGTAATCAAAAAGTCAATTTTTCGCCATGAACATATTTGTCAATTACTTA,FLC_2N_Plate3_FLC-P3-E7-CTCTCTAC-TACTCCTT_S25,dBFA2;hBFA2
CTCTTAATTCCTAAACCAGTTCATGAATGGTAAAAGTGTTATCCATTGTGGA,FLC_2N_Plate3_FLC-P3-A4-TCCTGAGC-ATAGAGAG_S4,dBFA2;hBFA2
TAGTTAATACACAAAGGAATTGTCACCCATGAACATATTTGTCAATTACTTA,FLC_2N_Plate3_FLC-P3-F5-GGACTCCT-AGGCTTAG_S35,dBFA2;hBFA2
TGATCAAGGCGGAATGATATTTACGTCCATGAACATATTTGTCAATTACTTA,FLC_2N_Plate3_FLC-P3-F6-TAGGCATG-AGGCTTAG_S36,dBFA2;hBFA2
CCCGCAAGGGAGAAAAGAGTTGTGGGCCATGAACATATTTGTCAATTACTTA,FLC_2N_Plate3_FLC-P3-A9-AAGAGGCA-ATAGAGAG_S3,dBFA2;hBFA2
AGGAAAAAATGTAAGCAACTTTTGGTCCATGAACATATTTGTCAATTACTTA,FLC_2N_Plate3_FLC-P3-F7-CTCTCTAC-AGGCTTAG_S31,dBFA2;hBFA2
GGGATAATGGGTAACGGTCTTCTTGACCATGAACATATTTGTCAATTACTTA,FLC_2N_Plate3_FLC-P3-B1-TAAGGCGA-AGAGGATA_S7,dBFA2;hBFA2
TCTTCAAGCAGAAACGATCTTCCGTAATGGTAAAAGTGTTATCCATTGTGGA,FLC_2N_Plate3_FLC-P3-F9-AAGAGGCA-AGGCTTAG_S33,dBFA2;hBFA2
TATTGAAGACAAAAGATGATTCATAACCATGAACATATTTGTCAATTACTTA,FLC_2N_Plate3_FLC-P3-B7-CTCTCTAC-AGAGGATA_S7,dBFA2;hBFA2
GCGTTAAAATTAAAAGGTTTTATAGGCCATGAACATATTTGTCAATTACTTA,FLC_2N_Plate3_FLC-P3-G1-TAAGGCGA-ATTAGACG_S37,dBFA2;hBFA2
CAACCAACCCGTAAATGCATTTTGCGCCATGAACATATTTGTCAATTACTTA,FLC_2N_Plate3_FLC-P3-C12-ATCTCAGG-CTCCTTAC_S18,dBFA2;hBFA2
TCTCGAAAATATAAATGACTTCATGTCCATGAACATATTTGTCAATTACTTA,FLC_2N_Plate3_FLC-P3-G11-GCTCATGA-ATTAGACG_S41,dBFA2;hBFA2
AGGGCAATTGGAAATGTGGTTGGGCGCCATGAACATATTTGTCAATTACTTA,FLC_2N_Plate3_FLC-P3-C7-CTCTCTAC-CTCCTTAC_S13,dBFA2;hBFA2
CTTACAATTGATAAAGAGTTTGTGGTATGGTAAAAGTGTTATCCATTGTGGA,FLC_2N_Plate3_FLC-P3-G5-GGACTCCT-ATTAGACG_S41,dBFA2;hBFA2
CACAAAATGTTTAAGGAGCTTTGTGACCATGAACATATTTGTCAATTACTTA,FLC_2N_Plate3_FLC-P3-D10-GTAGAGGA-TATGCAGT_S22,dBFA2;hBFA2
CAACGTAATCGAAAATAACTTTTAGAGCCATGAACATATTTGTCAATTACTTA,FLC_2N_Plate3_FLC-P3-G6-TAGGCATG-ATTAGACG_S42,dBFA2;hBFA2
CATATAACTGCAAATACTGTTGTCACCCATGAACATATTTGTCAATTACTTA,FLC_2N_Plate3_FLC-P3-D11-GCTCATGA-TATGCAGT_S23,dBFA2;hBFA2
CTGGCAAGCAGGAATCAGGTTAGATGCCATGAACATATTTGTCAATTACTTA,FLC_2N_Plate3_FLC-P3-G9-AAGAGGCA-ATTAGACG_S39,dBFA2;hBFA2
AATGCAAATTCAAATTAGGTTGTGCAGGTAAAACCAGATTTGGCATTCACTA,GlyEtOH_1N_GE_1_A08_TAAGGCGA-TGAAACTG,hBFA1
TACAAAATTAATAATTGGCTTTCTTTCCATGAACATATTTGTCAATTACTTA,FLC_2N_Plate3_FLC-P3-D8-CGAGGCTG-TATGCAGT_S20,dBFA2;hBFA2
AACAAAACAGATAAGCCATTTAATGGGGTAAAACCAGATTTGGCATTCACTA,GlyEtOH_1N_GE_1_B10_all,hBFA1
TCATTAATCCAGAACGAGTTTGATGCCCATGAACATATTTGTCAATTACTTA,FLC_2N_Plate3_FLC-P3-E3-AGGCAGAA-TACTCCTT_S27,dBFA2;hBFA2
AGTGCAATTATCAATATATTTTGCCCAATAGAATCATCTTACTTCTTATTAC,GlyEtOH_1N_GE_1_C09_AGGCAGAA-CAATCACA,hBFA1
CAGTGAAGAGGGAATACCCTTGGTAACCATGAACATATTTGTCAATTACTTA,FLC_2N_Plate3_FLC-P3-E6-TAGGCATG-TACTCCTT_S30,dBFA2;hBFA2
TTGCTAATAACGAAGTGGTTTTTTGGCCATGAACATATTTGTCAATTACTTA,FLC_2N_Plate3_FLC-P3-E9-AAGAGGCA-TACTCCTT_S27,dBFA2;hBFA2
GGATGAAACAACAACCTTTTTTAGCCGGTAAAACCAGATTTGGCATTCACTA,GlyEtOH_1N_GE_1_C10_all,hBFA1
CTAATAAAGTTTAATGGAATTAGATTCCATGAACATATTTGTCAATTACTTA,FLC_2N_Plate3_FLC-P3-F10-GTAGAGGA-AGGCTTAG_S34,dBFA2;hBFA2
CGTGCAATCGTCAAGTTTGTTTGGACTTTTGAACCTTATTTGGCCTTGGGAG,CLM_2N_Batch2_CLM-2N-R1-2-B2_S33,dBFA2
TGCAGAAACAAAAAACCCGTTGGATGCGATCAACAGTGTTGCGCTTTATACG,GlyEtOH_1N_GE_1_H12_CAGAGAGG-TCGGTTAA,hBFA1
ACGTAAACCAAGAATTTATTTCCGATTTATTAACTTCATTAGTAATTTGTTG,CLM_2N_Batch2_CLM-2N-R1-2-A5_S56,dBFA2
TACATAATCGTAAAACAAGTTGGACGATCACAATATGTTTACGTATTGTCCT,GlyEtOH_2N_20170616_Gly-B3-AGGCAGAA-AGAGGATA_S15,hBFA2
GGGTAAAGGGTTAAGCGATTTGCGAGTTTTGAACCTTATTTGGCCTTGGGAG,CLM_2N_Batch2_CLM-2N-R1-2-A6_S64,dBFA2
TCCGTAATTCTAAAATACATTTACCGTGCGAAAGGATGTTAAGAGTTTTCGG,GlyEtOH_2N_20170616_Gly-D4-TCCTGAGC-TATGCAGT_S40,hBFA2
ACGTAAACCAAGAATTTATTTCCGATTTATTAACTTCATTAGTAATTTGTTG,CLM_2N_Batch2_CLM-2N-R1-2-A8_S63,dBFA2
ATCAGAAAAGCAAACGTATTTAATTAAACTAAATACCCTTTCAATTTGATGC,GlyEtOH_2N_20170616_Gly-D9-AAGAGGCA-TATGCAGT_S45,dBFA2;hBFA2
CTTAAAAATCGTAAGAATGTTACAATTTTTGAACCTTATTTGGCCTTGGGAG,CLM_2N_Batch2_CLM-2N-R1-2-B1_S25,dBFA2
TTCCGAAAATTGAAAGTCGTTTATTGCGAATAATCAAGTTTATTGTTTAATT,GlyEtOH_2N_20170616_Gly-H1-TAAGGCGA-CGGAGAGA_S85,hBFA2
CCGAGAACACCGAAGAAAGTTGCACATTATTAACTTCATTAGTAATTTGTTG,CLM_2N_Batch2_CLM-2N-R1-2-B3_S41,dBFA2
CTAATAACCACAAAACAGCTTATATATTTTGAACCTTATTTGGCCTTGGGAG,CLM_2N_Batch2_CLM-2N-R1-2-B4_S49,dBFA2
TACAAAACATTAAAATCTTTTACATTGGGACAAGTGGGTTGGAGGTTGGGGG,CLM_2N_Batch2_CLM-2N-R1-2-B5_S57,dBFA2;hBFA2
ATACTAAAAACCAAGGTAATTTTTTCTTATTAACTTCATTAGTAATTTGTTG,CLM_2N_Batch2_CLM-2N-R1-2-B6_S65,dBFA2
ACGTAAACCAAGAATTTATTTCCGATTTATTAACTTCATTAGTAATTTGTTG,CLM_2N_Batch2_CLM-2N-R1-2-B7_S27,dBFA2
CCTTCAATTAATAATTTTGTTAGATTATTTCAAGATTCTTTACGGTTGGGGG,CLM_2N_Batch2_CLM-2N-R1-2-B8_S66,dBFA2
ACTGCAAATCAGAATAGCTTTTTAAAGTTTAAAACGGTTTTCTTTTTAGTTG,CLM_2N_Batch2_CLM-2N-R1-2-C1_S26,dBFA2
ACGTAAACCAAGAATTTATTTCCGATTTATTAACTTCATTAGTAATTTGTTG,CLM_2N_Batch2_CLM-2N-R1-2-C2_S34,dBFA2
GAAAAAAGATCGAAATACATTCACATGTTTAAAACGGTTTTCTTTTTAGTTG,CLM_2N_Batch2_CLM-2N-R1-2-C4_S50,dBFA2
GTGGGAAGTGATAATGGAGTTAAGTCGTTTAAAACGGTTTTCTTTTTAGTTG,CLM_2N_Batch2_CLM-2N-R1-2-C5_S58,dBFA2
CATAGAAGATTTAAGTTTTTTGTCAATTTTGAACCTTATTTGGCCTTGGGAG,CLM_2N_Batch2_CLM-2N-R1-2-C7_S35,dBFA2
AACAGAATCAATAACGTGGTTGATCCTTTTGAACCTTATTTGGCCTTGGGAG,CLM_2N_Batch2_CLM-2N-R1-2-D4_S51,dBFA2
ACGTAAACCAAGAATTTATTTCCGATTTATTAACTTCATTAGTAATTTGTTG,CLM_2N_Batch2_CLM-2N-R1-2-D5_S59,dBFA2
ACGTAAATATTAAATCTGGTTGTGAGGTTTAAAACGGTTTTCTTTTTAGTTG,CLM_2N_Batch2_CLM-2N-R1-2-D6_S67,dBFA2
AATACAAACATTAAAGGACTTTTATAATTTCAAGATTCTTTACGGTTGGGGG,CLM_2N_Batch2_CLM-2N-R1-2-D7_S38,dBFA2
ATTGCAAGATTGAAGTAAATTTCCCGATTTCAAGATTCTTTACGGTTGGGGG,CLM_2N_Batch2_CLM-2N-R1-2-E1_S28,dBFA2
AATACAAACATTAAAGGACTTTTATAATTTCAAGATTCTTTACGGTTGGGGG,CLM_2N_Batch2_CLM-2N-R1-2-E2_S36,dBFA2
ACGTAAACCAAGAATTTATTTCCGATTTATTAACTTCATTAGTAATTTGTTG,CLM_2N_Batch2_CLM-2N-R1-2-E3_S44,dBFA2
ACGTAAACCAAGAATTTATTTCCGATTTATTAACTTCATTAGTAATTTGTTG,CLM_2N_Batch2_CLM-2N-R1-2-E4_S52,dBFA2
AATACAAACATTAAAGGACTTTTATAATTTCAAGATTCTTTACGGTTGGGGG,CLM_2N_Batch2_CLM-2N-R1-2-E5_S60,dBFA2
AGGCAAACAGATAATAGTCTTCGCAAATTTCAAGATTCTTTACGGTTGGGGG,CLM_2N_Batch2_CLM-2N-R1-2-E6_S68,dBFA2
ACGTAAACCAAGAATTTATTTCCGATTTATTAACTTCATTAGTAATTTGTTG,CLM_2N_Batch2_CLM-2N-R1-2-E7_S42,dBFA2
CTAATAACCACAAAACAGCTTATATATTTTGAACCTTATTTGGCCTTGGGAG,CLM_2N_Batch2_CLM-2N-R1-2-F1_S29,dBFA2
CGTGCAATCGTCAAGTTTGTTTGGACTTTTGAACCTTATTTGGCCTTGGGAG,CLM_2N_Batch2_CLM-2N-R1-2-F2_S37,dBFA2
GAAGTAAAGATAAATGTCCTTTGTATGTTTAAAACGGTTTTCTTTTTAGTTG,CLM_2N_Batch2_CLM-2N-R1-2-F3_S45,dBFA2
CAGCCAACGGGCAAGAGTTTTAGTCGTTATTAACTTCATTAGTAATTTGTTG,CLM_2N_Batch2_CLM-2N-R1-2-F4_S53,dBFA2
AGGGGAACGGGAAAGGGAGTTGAGACTTATTAACTTCATTAGTAATTTGTTG,CLM_2N_Batch2_CLM-2N-R1-2-F6_S69,dBFA2
AAATAAAATAGGAAGATGTTTTTAGTTTATTAACTTCATTAGTAATTTGTTG,CLM_2N_Batch2_CLM-2N-R1-2-G1_S30,dBFA2
GTTATAATTCGAAATTTAATTACTCAATTTCAAGATTCTTTACGGTTGGGGG,CLM_2N_Batch2_CLM-2N-R1-2-G3_S46,dBFA2
GGTATAAATTATAAATGAGTTTATTGTTTTGAACCTTATTTGGCCTTGGGAG,CLM_2N_Batch2_CLM-2N-R1-2-G4_S54,dBFA2
ATAGAAATTGGCAATGACTTTTAATGGTTTAAAACGGTTTTCTTTTTAGTTG,CLM_2N_Batch2_CLM-2N-R1-2-G5_S62,dBFA2
AATACAAACATTAAAGGACTTTTATAATTTCAAGATTCTTTACGGTTGGGGG,CLM_2N_Batch2_CLM-2N-R1-2-G6_S70,dBFA2
GCTTAAATGGGTAACCGTATTCTAGTATTTCAAGATTCTTTACGGTTGGGGG,CLM_2N_Batch2_CLM-2N-R1-2-G7_S43,dBFA2
GGGTAAAGGGTTAAGCGATTTGCGAGTTTTGAACCTTATTTGGCCTTGGGAG,CLM_2N_Batch2_CLM-2N-R1-2-H1_S31,dBFA2
CAGGCAATTTACAAAGCAATTCGCTTTTTTGAACCTTATTTGGCCTTGGGAG,CLM_2N_Batch2_CLM-2N-R1-2-H2_S39,dBFA2
TATCGAAGCACCAAACAACTTCCGGTTTATTAACTTCATTAGTAATTTGTTG,CLM_2N_Batch2_CLM-2N-R1-2-H3_S47,dBFA2
CCGGCAACCGTGAAATGACTTATAGCTTATTAACTTCATTAGTAATTTGTTG,CLM_2N_Batch2_CLM-2N-R1-2-H4_S55,dBFA2
GGTATAAATTATAAATGAGTTTATTGTTTTGAACCTTATTTGGCCTTGGGAG,CLM_2N_Batch2_CLM-2N-R1-2-H6_S71,dBFA2
CCGGCAACCGTGAAATGACTTATAGCTTATTAACTTCATTAGTAATTTGTTG,CLM_2N_Batch2_CLM-2N-R1-2-H7_S61,dBFA2
ATTGCAAGATTGAAGTAAATTTCCCGATTTCAAGATTCTTTACGGTTGGGGG,CLM_2N_Batch2_CLM-2N-R2-2-A2_S80,dBFA2
AATACAAACATTAAAGGACTTTTATAATTTCAAGATTCTTTACGGTTGGGGG,CLM_2N_Batch2_CLM-2N-R2-2-A3_S88,dBFA2
ACGTAAACCAAGAATTTATTTCCGATTTATTAACTTCATTAGTAATTTGTTG,CLM_2N_Batch2_CLM-2N-R2-2-B1_S73,dBFA2
CTCTAAAAGGACAAGTTCTTTTGTGGTTATTAACTTCATTAGTAATTTGTTG,CLM_2N_Batch2_CLM-2N-R2-2-B3_S89,dBFA2
TAAGGAAGTACAAATTAACTTGATTGTTATTAACTTCATTAGTAATTTGTTG,CLM_2N_Batch2_CLM-2N-R2-2-B7_S72,dBFA2
TACCTAATAAGAAAAGTCGTTCTTGTATTTCAAGATTCTTTACGGTTGGGGG,CLM_2N_Batch2_CLM-2N-R2-2-C1_S74,dBFA2
AATACAAACATTAAAGGACTTTTATAATTTCAAGATTCTTTACGGTTGGGGG,CLM_2N_Batch2_CLM-2N-R2-2-C2_S82,dBFA2
ATTGCAAGATTGAAGTAAATTTCCCGATTTCAAGATTCTTTACGGTTGGGGG,CLM_2N_Batch2_CLM-2N-R2-2-C3_S90,dBFA2
CTTGAAACATGCAACTTTGTTTTGAATTTTGAACCTTATTTGGCCTTGGGAG,CLM_2N_Batch2_CLM-2N-R2-2-C7_S81,dBFA2
ACGTAAACCAAGAATTTATTTCCGATTTATTAACTTCATTAGTAATTTGTTG,CLM_2N_Batch2_CLM-2N-R2-2-D1_S75,dBFA2
CTCAAAATTGAGAATACCGTTAAGCTATTTCAAGATTCTTTACGGTTGGGGG,CLM_2N_Batch2_CLM-2N-R2-2-D2_S83,dBFA2
CTGTCAATTGTTAACCTGTTTTATGGATTTCAAGATTCTTTACGGTTGGGGG,CLM_2N_Batch2_CLM-2N-R2-2-D3_S91,dBFA2
ATTGCAAGATTGAAGTAAATTTCCCGATTTCAAGATTCTTTACGGTTGGGGG,CLM_2N_Batch2_CLM-2N-R2-2-D7_S95,dBFA2
GGAGAAACAGAAAACAGTTTTCTCGATTTTGAACCTTATTTGGCCTTGGGAG,CLM_2N_Batch2_CLM-2N-R2-2-E1_S76,dBFA2
AATACAAACATTAAAGGACTTTTATAATTTCAAGATTCTTTACGGTTGGGGG,CLM_2N_Batch2_CLM-2N-R2-2-E2_S84,dBFA2
CTCTAAAAGGACAAGTTCTTTTGTGGTTATTAACTTCATTAGTAATTTGTTG,CLM_2N_Batch2_CLM-2N-R2-2-E3_S92,dBFA2
CTGTAAACACATAAATTGCTTTCGACTTATTAACTTCATTAGTAATTTGTTG,CLM_2N_Batch2_CLM-2N-R2-2-F1_S77,dBFA2
ACGTAAACCAAGAATTTATTTCCGATTTATTAACTTCATTAGTAATTTGTTG,CLM_2N_Batch2_CLM-2N-R2-2-F2_S85,dBFA2
GGTATAAATTATAAATGAGTTTATTGTTTTGAACCTTATTTGGCCTTGGGAG,CLM_2N_Batch2_CLM-2N-R2-2-F3_S93,dBFA2
AATACAAACATTAAAGGACTTTTATAATTTCAAGATTCTTTACGGTTGGGGG,CLM_2N_Batch2_CLM-2N-R2-2-G1_S78,dBFA2
GGTATAAATTATAAATGAGTTTATTGTTTTGAACCTTATTTGGCCTTGGGAG,CLM_2N_Batch2_CLM-2N-R2-2-G2_S86,dBFA2
GGTATAAATTATAAATGAGTTTATTGTTTTGAACCTTATTTGGCCTTGGGAG,CLM_2N_Batch2_CLM-2N-R2-2-G3_S94,dBFA2
AATACAAACATTAAAGGACTTTTATAATTTCAAGATTCTTTACGGTTGGGGG,CLM_2N_Batch2_CLM-2N-R2-2-H1_S79,dBFA2
CGGGGAAATCTGAACCCATTTCATTATTATTAACTTCATTAGTAATTTGTTG,CLM_2N_Batch2_CLM-2N-R2-2-H2_S87,dBFA2
AATACAAACATTAAAGGACTTTTATAATTTCAAGATTCTTTACGGTTGGGGG,CLM_2N_CLM-C-1-A2_S28,dBFA2
AATACAAACATTAAAGGACTTTTATAATTTCAAGATTCTTTACGGTTGGGGG,CLM_2N_CLM-C-1-B1_S26,dBFA2
CACCGAAGTCTGAAGGTTATTGTTTTTTTTGAACCTTATTTGGCCTTGGGAG,CLM_2N_CLM-D-1-A10_S58,dBFA2
CTGTAAACACATAAATTGCTTTCGACTTATTAACTTCATTAGTAATTTGTTG,CLM_2N_CLM-D-1-A1_S30,dBFA2
AGGGGAACGGGAAAGGGAGTTGAGACTTATTAACTTCATTAGTAATTTGTTG,CLM_2N_CLM-D-1-B1_S31,dBFA2
AGGGGAACGGGAAAGGGAGTTGAGACTTATTAACTTCATTAGTAATTTGTTG,CLM_2N_CLM-D-1-C10_S60,dBFA2
ACGTAAACCAAGAATTTATTTCCGATTTATTAACTTCATTAGTAATTTGTTG,CLM_2N_CLM-D-1-C6_S42,dBFA2
TAAGTAATCCGTAACATAATTAAGGTTTATTAACTTCATTAGTAATTTGTTG,CLM_2N_CLM-D-1-D8_S50,dBFA2
ACGTAAACCAAGAATTTATTTCCGATTTATTAACTTCATTAGTAATTTGTTG,CLM_2N_CLM-D-1-D9_S55,dBFA2
CTGTAAACACATAAATTGCTTTCGACTTATTAACTTCATTAGTAATTTGTTG,CLM_2N_CLM-D-1-E10_S62,dBFA2
ACGTAAACCAAGAATTTATTTCCGATTTATTAACTTCATTAGTAATTTGTTG,CLM_2N_CLM-D-1-F10_S63,dBFA2
AATACAAACATTAAAGGACTTTTATAATTTCAAGATTCTTTACGGTTGGGGG,CLM_2N_CLM-D-1-F4_S39,dBFA2
TAGACAAAAAGTAAGGAGATTACTATTTCCCAAGCGAATTATATTTTTGAGA,CLM_R2_clones_1N_P1-C8-CGAGGCTG-CTCCTTAC_S32_L001,hBFA1
TGGCGAAATCTCAAGTAGCTTGTAGGCAACAAAAGCGTTTTTTACTTGTAAT,CLM_R2_clones_1N_P1-A8-CGAGGCTG-ATAGAGAG_S8_L001,hBFA1;hBFA2
CGATGAAAGGGAAAATGAATTAACAGTTCCCAAGCGAATTATATTTTTGAGA,CLM_R2_clones_1N_P1-C4-TCCTGAGC-CTCCTTAC_S28_L001,hBFA1
AATTCAACCCCCAAGAGGGTTCAAGGCCATGAACATATTTGTCAATTACTTA,FLC_2N_Plate1_FLC-A10_S10,dBFA2;hBFA2
CGATGAAAGGGAAAATGAATTAACAGTTCCCAAGCGAATTATATTTTTGAGA,CLM_R2_clones_1N_P1-D12-ATCTCAGG-TATGCAGT_S48_L001,hBFA1
AGCAGAAATCTAAAGTATCTTGACTTTTCCCAAGCGAATTATATTTTTGAGA,CLM_R2_clones_1N_P1-D8-CGAGGCTG-TATGCAGT_S44_L001,hBFA1
TTGAGAACACGGAACGGTATTTAGTCACGGGAAGCCAGTTGGGGCTTGCAGG,CLM_R2_clones_1N_P1-D9-AAGAGGCA-TATGCAGT_S45_L001,
GCTTGAACGTTCAAGGGTTTTGCGCATACAAAACACGTTTTCGGCTTAGCAA,CLM_R2_clones_1N_P1-E9-AAGAGGCA-TACTCCTT_S57_L001,hBFA1
CGATGAAAGGGAAAATGAATTAACAGTTCCCAAGCGAATTATATTTTTGAGA,CLM_R2_clones_1N_P1-G1-TAAGGCGA-ATTAGACG_S73_L001,hBFA1
ATGTCAATATGTAAGATGCTTCGAAATACAAAACACGTTTTCGGCTTAGCAA,CLM_R2_clones_1N_P1-H10-GTAGAGGA-CGGAGAGA_S94_L001,hBFA1
TCGTCAAGTGGGAAGGATATTCCTCGTAATTAACATCATTTAGTGTTACTGA,CLM_clones_1N_P1-A11-GCTCATGA-ATAGAGAG_S11,hBFA1;hBFA2
TCCCCAAGTAGGAAGGTAATTCGGATAGCTTAAGCGATTTATCGTTTCATCC,CLM_clones_1N_P1-A12-ATCTCAGG-ATAGAGAG_S12,hBFA1;hBFA2
AGGAAAATGGCTAATTGTCTTAATGGTTCCCAAGCGAATTATATTTTTGAGA,CLM_clones_1N_P1-A3-AGGCAGAA-ATAGAGAG_S3,hBFA1;hBFA2
TCGTCAAGTGGGAAGGATATTCCTCGTAATTAACATCATTTAGTGTTACTGA,CLM_clones_1N_P1-A7-CTCTCTAC-ATAGAGAG_S7,hBFA1;hBFA2
TCTAGAATCGGCAAGACCGTTAATTGTTCCCAAGCGAATTATATTTTTGAGA,CLM_clones_1N_P1-A8-CGAGGCTG-ATAGAGAG_S8,hBFA1;hBFA2
TTATGAAATGTGAAGAAGTTTGAAAATACAAAACACGTTTTCGGCTTAGCAA,CLM_clones_1N_P1-A9-AAGAGGCA-ATAGAGAG_S9,hBFA1;hBFA2
GCTCTAAGAAAGAAATGCGTTGCTAGTACAAAACACGTTTTCGGCTTAGCAA,CLM_clones_1N_P1-B11-GCTCATGA-AGAGGATA_S23,hBFA1;hBFA2
ACTCTAACGTAAAACCGGTTTCCGGACAACAAAAGCGTTTTTTACTTGTAAT,CLM_clones_1N_P1-B12-ATCTCAGG-AGAGGATA_S24,hBFA1;hBFA2
GAGCTAATTATAAATGGCATTTATTTCAACAAAAGCGTTTTTTACTTGTAAT,CLM_clones_1N_P1-B2-CGTACTAG-AGAGGATA_S14,hBFA1;hBFA2
AAACGAACGGTGAACTCTATTTATCGTTCCCAAGCGAATTATATTTTTGAGA,CLM_clones_1N_P1-B3-AGGCAGAA-AGAGGATA_S15,hBFA1;hBFA2
GCTACAATTCAGAAGGAAGTTCGATATTGAGAATTTCATTATGGCTTTTCTG,CLM_clones_1N_P1-B4-TCCTGAGC-AGAGGATA_S16,hBFA1;hBFA2
CCCCCAACATCGAAAGGGATTAAGCGTTCCCAAGCGAATTATATTTTTGAGA,CLM_clones_1N_P1-B5-GGACTCCT-AGAGGATA_S17,hBFA1;hBFA2
TGGCGAAATCTCAAGTAGCTTGTAGGCAACAAAAGCGTTTTTTACTTGTAAT,CLM_clones_1N_P1-B6-TAGGCATG-AGAGGATA_S18,hBFA1;hBFA2
ATACTAAGTCATAAATGAATTCGCCATACAAAACACGTTTTCGGCTTAGCAA,CLM_clones_1N_P1-B8-CGAGGCTG-AGAGGATA_S20,hBFA1;hBFA2
AGGAAAATGGCTAATTGTCTTAATGGTTCCCAAGCGAATTATATTTTTGAGA,CLM_clones_1N_P1-B9-AAGAGGCA-AGAGGATA_S21,hBFA1;hBFA2
ATGCAAAATCACAAAACGCTTAAATGTTACTAAAAGTCTTCTATGTTTTCAT,CLM_clones_1N_P1-C1-TAAGGCGA-CTCCTTAC_S25,hBFA1;hBFA2
AAATTAACATGTAAGCCAGTTACATATTCCCAAGCGAATTATATTTTTGAGA,CLM_clones_1N_P1-C4-TCCTGAGC-CTCCTTAC_S28,hBFA1;hBFA2
GAATTAACCAGGAAATCGCTTGACACTTCCCAAGCGAATTATATTTTTGAGA,CLM_clones_1N_P1-C5-GGACTCCT-CTCCTTAC_S29,hBFA1;hBFA2
ACTCTAACGTAAAACCGGTTTCCGGACAACAAAAGCGTTTTTTACTTGTAAT,CLM_clones_1N_P1-C6-TAGGCATG-CTCCTTAC_S30,hBFA1;hBFA2
AAACGAACGGTGAACTCTATTTATCGTTCCCAAGCGAATTATATTTTTGAGA,CLM_clones_1N_P1-C7-CTCTCTAC-CTCCTTAC_S31,hBFA1;hBFA2
CAGGTAATTATAAAACTCTTTGATTTTAATTAACATCATTTAGTGTTACTGA,CLM_clones_1N_P1-C8-CGAGGCTG-CTCCTTAC_S32,hBFA1;hBFA2
TCTAGAATCGGCAAGACCGTTAATTGTTCCCAAGCGAATTATATTTTTGAGA,CLM_clones_1N_P1-C9-AAGAGGCA-CTCCTTAC_S33,hBFA1;hBFA2
AGGAAAATGGCTAATTGTCTTAATGGTTCCCAAGCGAATTATATTTTTGAGA,CLM_clones_1N_P1-D12-ATCTCAGG-TATGCAGT_S48,hBFA1;hBFA2
CAGGTAATTATAAAACTCTTTGATTTTAATTAACATCATTTAGTGTTACTGA,CLM_clones_1N_P1-D2-CGTACTAG-TATGCAGT_S38,hBFA1;hBFA2
ATACTAAGTCATAAATGAATTCGCCATACAAAACACGTTTTCGGCTTAGCAA,CLM_clones_1N_P1-D3-AGGCAGAA-TATGCAGT_S39,hBFA1;hBFA2
TTCCAAAATCTTAATTTCTTTAATGTTTCCCAAGCGAATTATATTTTTGAGA,CLM_clones_1N_P1-D4-TCCTGAGC-TATGCAGT_S40,hBFA1;hBFA2
AAGCTAATTAGAAATCGGTTTCGGACTTCCCAAGCGAATTATATTTTTGAGA,CLM_clones_1N_P1-D5-GGACTCCT-TATGCAGT_S41,hBFA1;hBFA2
ATGCAAAATCACAAAACGCTTAAATGTTACTAAAAGTCTTCTATGTTTTCAT,CLM_clones_1N_P1-D7-CTCTCTAC-TATGCAGT_S43,hBFA1;hBFA2
CGTTCAATACAGAAGATGTTTGTGACTTCCCAAGCGAATTATATTTTTGAGA,CLM_clones_1N_P1-D9-AAGAGGCA-TATGCAGT_S45,hBFA1;hBFA2
TGGCGAAATCTCAAGTAGCTTGTAGGCAACAAAAGCGTTTTTTACTTGTAAT,CLM_clones_1N_P1-E11-GCTCATGA-TACTCCTT_S59,hBFA1;hBFA2
CAGGTAATTATAAAACTCTTTGATTTTAATTAACATCATTTAGTGTTACTGA,CLM_clones_1N_P1-E12-ATCTCAGG-TACTCCTT_S60,hBFA1;hBFA2
CAGGTAATTATAAAACTCTTTGATTTTAATTAACATCATTTAGTGTTACTGA,CLM_clones_1N_P1-E2-CGTACTAG-TACTCCTT_S50,hBFA1;hBFA2
ACCGTAATTCGCAAGGCCATTGGTAATAATTAACATCATTTAGTGTTACTGA,CLM_clones_1N_P1-E3-AGGCAGAA-TACTCCTT_S51,hBFA1;hBFA2
AGCTAAAAGTGTAAGCGTGTTAGAACTACAAAACACGTTTTCGGCTTAGCAA,CLM_clones_1N_P1-E4-TCCTGAGC-TACTCCTT_S52,hBFA1;hBFA2
ATGGCAAATCCTAAGTACTTTAGGGATAATTAACATCATTTAGTGTTACTGA,CLM_clones_1N_P1-E5-GGACTCCT-TACTCCTT_S53,hBFA1;hBFA2
CAGACAAAATCAAACTTACTTTATTTTACAAAACACGTTTTCGGCTTAGCAA,CLM_clones_1N_P1-E6-TAGGCATG-TACTCCTT_S54,hBFA1;hBFA2
ACTCTAACGTAAAACCGGTTTCCGGACAACAAAAGCGTTTTTTACTTGTAAT,CLM_clones_1N_P1-E7-CTCTCTAC-TACTCCTT_S55,hBFA1;hBFA2
GAATTAACCAGGAAATCGCTTGACACTTCCCAAGCGAATTATATTTTTGAGA,CLM_clones_1N_P1-E8-CGAGGCTG-TACTCCTT_S56,hBFA1;hBFA2
CAGGTAATTATAAAACTCTTTGATTTTAATTAACATCATTTAGTGTTACTGA,CLM_clones_1N_P1-E9-AAGAGGCA-TACTCCTT_S57,hBFA1;hBFA2
AAACTAATATCTAAAAGAATTAACACTACAAAACACGTTTTCGGCTTAGCAA,CLM_clones_1N_P1-F1-TAAGGCGA-AGGCTTAG_S61,hBFA1;hBFA2
AGCTGAAATAGTAACTCGTTTATGTATACAAAACACGTTTTCGGCTTAGCAA,CLM_clones_1N_P1-F11-GCTCATGA-AGGCTTAG_S71,hBFA1;hBFA2
ATCACAATACGAAACCAAGTTTGTCTTTCCCAAGCGAATTATATTTTTGAGA,CLM_clones_1N_P1-F12-ATCTCAGG-AGGCTTAG_S72,hBFA1;hBFA2
GAATTAACCAGGAAATCGCTTGACACTTCCCAAGCGAATTATATTTTTGAGA,CLM_clones_1N_P1-F2-CGTACTAG-AGGCTTAG_S62,hBFA1;hBFA2
CAGGTAATTATAAAACTCTTTGATTTTAATTAACATCATTTAGTGTTACTGA,CLM_clones_1N_P1-F3-AGGCAGAA-AGGCTTAG_S63,hBFA1;hBFA2
ACGAAAACCTTAAATTCGTTTGTTTTTTCCCAAGCGAATTATATTTTTGAGA,CLM_clones_1N_P1-F6-TAGGCATG-AGGCTTAG_S66,hBFA1;hBFA2
GACTTAAGTACGAAGACCTTTCATCAAGGTAAAACCACTTCCCAATTTGGGC,FLC_2N_Plate1_FLC-A1_S1,dBFA2;hBFA2
TCCCCAAGTAGGAAGGTAATTCGGATAGCTTAAGCGATTTATCGTTTCATCC,CLM_clones_1N_P1-F9-AAGAGGCA-AGGCTTAG_S69,hBFA1;hBFA2
TCCCCAAGTAGGAAGGTAATTCGGATAGCTTAAGCGATTTATCGTTTCATCC,CLM_clones_1N_P1-G1-TAAGGCGA-ATTAGACG_S73,hBFA1;hBFA2
ACCATAACCATTAATAATTTTTGCGCAGCTTAAGCGATTTATCGTTTCATCC,CLM_clones_1N_P1-G11-GCTCATGA-ATTAGACG_S83,hBFA1;hBFA2
TTATGAAATGTGAAGAAGTTTGAAAATACAAAACACGTTTTCGGCTTAGCAA,CLM_clones_1N_P1-G3-AGGCAGAA-ATTAGACG_S75,hBFA1;hBFA2
ACTCTAACGTAAAACCGGTTTCCGGACAACAAAAGCGTTTTTTACTTGTAAT,CLM_clones_1N_P1-G4-TCCTGAGC-ATTAGACG_S76,hBFA1;hBFA2
ATCACAATACGAAACCAAGTTTGTCTTTCCCAAGCGAATTATATTTTTGAGA,CLM_clones_1N_P1-G6-TAGGCATG-ATTAGACG_S78,hBFA1;hBFA2
ACTCTAACGTAAAACCGGTTTCCGGACAACAAAAGCGTTTTTTACTTGTAAT,CLM_clones_1N_P1-G9-AAGAGGCA-ATTAGACG_S81,hBFA1;hBFA2
TCCCCAAGTAGGAAGGTAATTCGGATAGCTTAAGCGATTTATCGTTTCATCC,CLM_clones_1N_P1-H1-TAAGGCGA-CGGAGAGA_S85,hBFA1;hBFA2
TTCCAAAATCTTAATTTCTTTAATGTTTCCCAAGCGAATTATATTTTTGAGA,CLM_clones_1N_P1-H12-ATCTCAGG-CGGAGAGA_S96,hBFA1;hBFA2
AGGAAAATGGCTAATTGTCTTAATGGTTCCCAAGCGAATTATATTTTTGAGA,CLM_clones_1N_P1-H2-CGTACTAG-CGGAGAGA_S86,hBFA1;hBFA2
TTATGAAATGTGAAGAAGTTTGAAAATACAAAACACGTTTTCGGCTTAGCAA,CLM_clones_1N_P1-H3-AGGCAGAA-CGGAGAGA_S87,hBFA1;hBFA2
GTTCTAACTACTAACCTGATTAATATCTAGCAATGGTATTGGAGTTTCCTCT,CLM_clones_1N_P1-H4-TCCTGAGC-CGGAGAGA_S88,hBFA1;hBFA2
TGGCGAAATCTCAAGTAGCTTGTAGGCAACAAAAGCGTTTTTTACTTGTAAT,CLM_clones_1N_P1-H6-TAGGCATG-CGGAGAGA_S90,hBFA1;hBFA2
ATCACAATACGAAACCAAGTTTGTCTTTCCCAAGCGAATTATATTTTTGAGA,CLM_clones_1N_P1-H7-CTCTCTAC-CGGAGAGA_S91,hBFA1;hBFA2
GTAGGAAACGTCAAACAAGTTATCTCTTCCCAAGCGAATTATATTTTTGAGA,CLM_clones_1N_P1-H8-CGAGGCTG-CGGAGAGA_S92,hBFA1;hBFA2
GCTCTAAGAAAGAAATGCGTTGCTAGTACAAAACACGTTTTCGGCTTAGCAA,CLM_clones_1N_P2-A1-ACTCGCTA-CTAGTCGA_S97,hBFA1;hBFA2
ACTCTAACGTAAAACCGGTTTCCGGACAACAAAAGCGTTTTTTACTTGTAAT,CLM_clones_1N_P2-A11-TGCAGCTA-CTAGTCGA_S107,hBFA1;hBFA2
AAGCTAATTAGAAATCGGTTTCGGACTTCCCAAGCGAATTATATTTTTGAGA,CLM_clones_1N_P2-A12-TCGACGTC-CTAGTCGA_S108,hBFA1;hBFA2
TCTAGAATCGGCAAGACCGTTAATTGTTCCCAAGCGAATTATATTTTTGAGA,CLM_clones_1N_P2-A2-GGAGCTAC-CTAGTCGA_S98,hBFA1;hBFA2
ACTCTAACGTAAAACCGGTTTCCGGACAACAAAAGCGTTTTTTACTTGTAAT,CLM_clones_1N_P2-A3-GCGTAGTA-CTAGTCGA_S99,hBFA1;hBFA2
TATGTAAACCACAAGGGCGTTGTGAGTTCCCAAGCGAATTATATTTTTGAGA,CLM_clones_1N_P2-A4-CGGAGCCT-CTAGTCGA_S100,hBFA1;hBFA2
TACGTAATCTTAAAATGCATTCACAATTCCCAAGCGAATTATATTTTTGAGA,CLM_clones_1N_P2-A6-ATGCGCAG-CTAGTCGA_S102,hBFA1;hBFA2
ATGCAAAATCACAAAACGCTTAAATGTTACTAAAAGTCTTCTATGTTTTCAT,CLM_clones_1N_P2-A7-TAGCGCTC-CTAGTCGA_S103,hBFA1;hBFA2
AGGAAAATGGCTAATTGTCTTAATGGTTCCCAAGCGAATTATATTTTTGAGA,CLM_clones_1N_P2-A8-ACTGAGCG-CTAGTCGA_S104,hBFA1;hBFA2
GAACAAACTAACAAACGGGTTGGTCTTTCCCAAGCGAATTATATTTTTGAGA,CLM_clones_1N_P2-A9-CCTAAGAC-CTAGTCGA_S105,hBFA1
CAGCCAACCGCTAATAACCTTAGACTTTCCCAAGCGAATTATATTTTTGAGA,CLM_clones_1N_P2-B1-ACTCGCTA-AGCTAGAA_S109,hBFA1;hBFA2
ATCACAATACGAAACCAAGTTTGTCTTTCCCAAGCGAATTATATTTTTGAGA,CLM_clones_1N_P2-B11-TGCAGCTA-AGCTAGAA_S119,hBFA1;hBFA2
AAGCTAATTAGAAATCGGTTTCGGACTTCCCAAGCGAATTATATTTTTGAGA,CLM_clones_1N_P2-B2-GGAGCTAC-AGCTAGAA_S110,hBFA1;hBFA2
ATCACAATACGAAACCAAGTTTGTCTTTCCCAAGCGAATTATATTTTTGAGA,CLM_clones_1N_P2-B3-GCGTAGTA-AGCTAGAA_S111,hBFA1;hBFA2
GCTACAATTCAGAAGGAAGTTCGATATTGAGAATTTCATTATGGCTTTTCTG,CLM_clones_1N_P2-B4-CGGAGCCT-AGCTAGAA_S112,hBFA1;hBFA2
GTAGGAAACGTCAAACAAGTTATCTCTTCCCAAGCGAATTATATTTTTGAGA,CLM_clones_1N_P2-B5-TACGCTGC-AGCTAGAA_S113,hBFA1;hBFA2
ATTACAAGTAGCAAGGACATTAGATTTACAAAACACGTTTTCGGCTTAGCAA,CLM_clones_1N_P2-B6-ATGCGCAG-AGCTAGAA_S114,hBFA1;hBFA2
TTATGAAATGTGAAGAAGTTTGAAAATACAAAACACGTTTTCGGCTTAGCAA,CLM_clones_1N_P2-B7-TAGCGCTC-AGCTAGAA_S115,hBFA1;hBFA2
GCTCTAAGAAAGAAATGCGTTGCTAGTACAAAACACGTTTTCGGCTTAGCAA,CLM_clones_1N_P2-B8-ACTGAGCG-AGCTAGAA_S116,hBFA1;hBFA2
CTCGTAATGTGTAAAATTCTTTGGGACAACAAAAGCGTTTTTTACTTGTAAT,CLM_clones_1N_P2-B9-CCTAAGAC-AGCTAGAA_S117,hBFA1;hBFA2
CCAGTAATCTAAAAGTTATTTTGTAGTTCCCAAGCGAATTATATTTTTGAGA,CLM_clones_1N_P2-C11-TGCAGCTA-ACTCTAGG_S131,hBFA1
TCTAGAATCGGCAAGACCGTTAATTGTTCCCAAGCGAATTATATTTTTGAGA,CLM_clones_1N_P2-C12-TCGACGTC-ACTCTAGG_S132,hBFA1;hBFA2
TGGCGAAATCTCAAGTAGCTTGTAGGCAACAAAAGCGTTTTTTACTTGTAAT,CLM_clones_1N_P2-C2-GGAGCTAC-ACTCTAGG_S122,hBFA1;hBFA2
AAACTAATATCTAAAAGAATTAACACTACAAAACACGTTTTCGGCTTAGCAA,CLM_clones_1N_P2-C4-CGGAGCCT-ACTCTAGG_S124,hBFA1;hBFA2
AGGAAAATGGCTAATTGTCTTAATGGTTCCCAAGCGAATTATATTTTTGAGA,CLM_clones_1N_P2-C5-TACGCTGC-ACTCTAGG_S125,hBFA1;hBFA2
CGGATAAATGTTAATACTGTTATTCGTTCCCAAGCGAATTATATTTTTGAGA,CLM_clones_1N_P2-C6-ATGCGCAG-ACTCTAGG_S126,hBFA1;hBFA2
AGGAAAATGGCTAATTGTCTTAATGGTTCCCAAGCGAATTATATTTTTGAGA,CLM_clones_1N_P2-C7-TAGCGCTC-ACTCTAGG_S127,hBFA1;hBFA2
ATCACAATACGAAACCAAGTTTGTCTTTCCCAAGCGAATTATATTTTTGAGA,CLM_clones_1N_P2-C8-ACTGAGCG-ACTCTAGG_S128,hBFA1;hBFA2
TTCCAAAATCTTAATTTCTTTAATGTTTCCCAAGCGAATTATATTTTTGAGA,CLM_clones_1N_P2-D1-ACTCGCTA-TCTTACGC_S133,hBFA1;hBFA2
ATTACAAGTAGCAAGGACATTAGATTTACAAAACACGTTTTCGGCTTAGCAA,CLM_clones_1N_P2-D10-CGATCAGT-TCTTACGC_S142,hBFA1;hBFA2
CAGGTAATTATAAAACTCTTTGATTTTAATTAACATCATTTAGTGTTACTGA,CLM_clones_1N_P2-D11-TGCAGCTA-TCTTACGC_S143,hBFA1;hBFA2
AATGAAATATAAAAAGTAATTTTAATTACAAAACACGTTTTCGGCTTAGCAA,CLM_clones_1N_P2-D12-TCGACGTC-TCTTACGC_S144,hBFA1;hBFA2
TTATGAAATGTGAAGAAGTTTGAAAATACAAAACACGTTTTCGGCTTAGCAA,CLM_clones_1N_P2-D4-CGGAGCCT-TCTTACGC_S136,hBFA1;hBFA2
AGGAAAATGGCTAATTGTCTTAATGGTTCCCAAGCGAATTATATTTTTGAGA,CLM_clones_1N_P2-D6-ATGCGCAG-TCTTACGC_S138,hBFA1;hBFA2
GAATTAACCAGGAAATCGCTTGACACTTCCCAAGCGAATTATATTTTTGAGA,CLM_clones_1N_P2-D7-TAGCGCTC-TCTTACGC_S139,hBFA1;hBFA2
GTAGGAAACGTCAAACAAGTTATCTCTTCCCAAGCGAATTATATTTTTGAGA,CLM_clones_1N_P2-D8-ACTGAGCG-TCTTACGC_S140,hBFA1;hBFA2
AAACGAACGGTGAACTCTATTTATCGTTCCCAAGCGAATTATATTTTTGAGA,CLM_clones_1N_P2-D9-CCTAAGAC-TCTTACGC_S141,hBFA1;hBFA2
TCTAGAATCGGCAAGACCGTTAATTGTTCCCAAGCGAATTATATTTTTGAGA,CLM_clones_1N_P2-E1-ACTCGCTA-CTTAATAG_S145,hBFA1;hBFA2
CAGCCAACCGCTAATAACCTTAGACTTTCCCAAGCGAATTATATTTTTGAGA,CLM_clones_1N_P2-E2-GGAGCTAC-CTTAATAG_S146,hBFA1;hBFA2
TTATGAAATGTGAAGAAGTTTGAAAATACAAAACACGTTTTCGGCTTAGCAA,CLM_clones_1N_P2-E3-GCGTAGTA-CTTAATAG_S147,hBFA1;hBFA2
TGGCGAAATCTCAAGTAGCTTGTAGGCAACAAAAGCGTTTTTTACTTGTAAT,CLM_clones_1N_P2-E4-CGGAGCCT-CTTAATAG_S148,hBFA1;hBFA2
TGGCGAAATCTCAAGTAGCTTGTAGGCAACAAAAGCGTTTTTTACTTGTAAT,CLM_clones_1N_P2-E6-ATGCGCAG-CTTAATAG_S150,hBFA1;hBFA2
GTTCTAACTACTAACCTGATTAATATCTAGCAATGGTATTGGAGTTTCCTCT,CLM_clones_1N_P2-E7-TAGCGCTC-CTTAATAG_S151,hBFA1;hBFA2
GTGTAAATTTTGAAGTGTGTTGTCCCCAACAAAAGCGTTTTTTACTTGTAAT,CLM_clones_1N_P2-E8-ACTGAGCG-CTTAATAG_S152,hBFA1;hBFA2
GTAGGAAACGTCAAACAAGTTATCTCTTCCCAAGCGAATTATATTTTTGAGA,CLM_clones_1N_P2-E9-CCTAAGAC-CTTAATAG_S153,hBFA1;hBFA2
AGCTAAAAGTGTAAGCGTGTTAGAACTACAAAACACGTTTTCGGCTTAGCAA,CLM_clones_1N_P2-F11-TGCAGCTA-ATAGCCTT_S167,hBFA1;hBFA2
GCGACAACGGGGAAGCCGGTTGGGGGCAACAAAAGCGTTTTTTACTTGTAAT,CLM_clones_1N_P2-F12-TCGACGTC-ATAGCCTT_S168,hBFA1;hBFA2
TTAGGAATAAGGAAGGGTCTTGTTTTTACAAAACACGTTTTCGGCTTAGCAA,CLM_clones_1N_P2-F2-GGAGCTAC-ATAGCCTT_S158,hBFA1;hBFA2
ACCGTAATTCGCAAGGCCATTGGTAATAATTAACATCATTTAGTGTTACTGA,CLM_clones_1N_P2-F3-GCGTAGTA-ATAGCCTT_S159,hBFA1;hBFA2
GTTCTAACTACTAACCTGATTAATATCTAGCAATGGTATTGGAGTTTCCTCT,CLM_clones_1N_P2-F7-TAGCGCTC-ATAGCCTT_S163,hBFA1;hBFA2
CGTTCAATACAGAAGATGTTTGTGACTTCCCAAGCGAATTATATTTTTGAGA,CLM_clones_1N_P2-F8-ACTGAGCG-ATAGCCTT_S164,hBFA1;hBFA2
ACCGTAATTCGCAAGGCCATTGGTAATAATTAACATCATTTAGTGTTACTGA,CLM_clones_1N_P2-F9-CCTAAGAC-ATAGCCTT_S165,hBFA1;hBFA2
TCTAGAATCGGCAAGACCGTTAATTGTTCCCAAGCGAATTATATTTTTGAGA,CLM_clones_1N_P2-G10-CGATCAGT-TAAGGCTC_S178,hBFA1;hBFA2
AAATTAACATGTAAGCCAGTTACATATTCCCAAGCGAATTATATTTTTGAGA,CLM_clones_1N_P2-G12-TCGACGTC-TAAGGCTC_S180,hBFA1;hBFA2
TCTAGAATCGGCAAGACCGTTAATTGTTCCCAAGCGAATTATATTTTTGAGA,CLM_clones_1N_P2-G2-GGAGCTAC-TAAGGCTC_S170,hBFA1;hBFA2
AAGCTAATTAGAAATCGGTTTCGGACTTCCCAAGCGAATTATATTTTTGAGA,CLM_clones_1N_P2-G3-GCGTAGTA-TAAGGCTC_S171,hBFA1;hBFA2
ACTCTAACGTAAAACCGGTTTCCGGACAACAAAAGCGTTTTTTACTTGTAAT,CLM_clones_1N_P2-G4-CGGAGCCT-TAAGGCTC_S172,hBFA1;hBFA2
CTTACAAAGTTCAACATGTTTAACCGTACAAAACACGTTTTCGGCTTAGCAA,CLM_clones_1N_P2-G5-TACGCTGC-TAAGGCTC_S173,hBFA1;hBFA2
GTAGGAAACGTCAAACAAGTTATCTCTTCCCAAGCGAATTATATTTTTGAGA,CLM_clones_1N_P2-G6-ATGCGCAG-TAAGGCTC_S174,hBFA1;hBFA2
GAATTAACCAGGAAATCGCTTGACACTTCCCAAGCGAATTATATTTTTGAGA,CLM_clones_1N_P2-G9-CCTAAGAC-TAAGGCTC_S177,hBFA1;hBFA2
TCTAGAATCGGCAAGACCGTTAATTGTTCCCAAGCGAATTATATTTTTGAGA,CLM_clones_1N_P2-H1-ACTCGCTA-TCGCATAA_S181,hBFA1;hBFA2
CAGCCAACCGCTAATAACCTTAGACTTTCCCAAGCGAATTATATTTTTGAGA,CLM_clones_1N_P2-H10-CGATCAGT-TCGCATAA_S190,hBFA1;hBFA2
ATACTAAGTCATAAATGAATTCGCCATACAAAACACGTTTTCGGCTTAGCAA,CLM_clones_1N_P2-H11-TGCAGCTA-TCGCATAA_S191,hBFA1;hBFA2
GTGTAAATTTTGAAGTGTGTTGTCCCCAACAAAAGCGTTTTTTACTTGTAAT,CLM_clones_1N_P2-H12-TCGACGTC-TCGCATAA_S192,hBFA1;hBFA2
GCTCTAAGAAAGAAATGCGTTGCTAGTACAAAACACGTTTTCGGCTTAGCAA,CLM_clones_1N_P2-H2-GGAGCTAC-TCGCATAA_S182,hBFA1;hBFA2
CTAGGAAGTAGCAAAAGGCTTTCTATTACAAAACACGTTTTCGGCTTAGCAA,CLM_clones_1N_P2-H3-GCGTAGTA-TCGCATAA_S183,hBFA1;hBFA2
AGGAAAATGGCTAATTGTCTTAATGGTTCCCAAGCGAATTATATTTTTGAGA,CLM_clones_1N_P2-H4-CGGAGCCT-TCGCATAA_S184,hBFA1;hBFA2
CAGGTAATTATAAAACTCTTTGATTTTAATTAACATCATTTAGTGTTACTGA,CLM_clones_1N_P2-H5-TACGCTGC-TCGCATAA_S185,hBFA1;hBFA2
TGGCGAAATCTCAAGTAGCTTGTAGGCAACAAAAGCGTTTTTTACTTGTAAT,CLM_clones_1N_P2-H6-ATGCGCAG-TCGCATAA_S186,hBFA1;hBFA2
ATGCAAAATCACAAAACGCTTAAATGTTACTAAAAGTCTTCTATGTTTTCAT,CLM_clones_1N_P2-H7-TAGCGCTC-TCGCATAA_S187,hBFA1;hBFA2
TCCCCAAGTAGGAAGGTAATTCGGATAGCTTAAGCGATTTATCGTTTCATCC,CLM_clones_1N_P2-H9-CCTAAGAC-TCGCATAA_S189,hBFA1;hBFA2
ATGACAACAAGAAAGCTCATTTACGCCGGGGAATATTCTTCAGTTTTGCGGT,Dip_clone_Env_dBFA2_WGS_10C_4_B3_S5,dBFA2
AGTAAAAAGACAAAGGTCTTTAGGTTTTGGTAACTGTGTTTTATGTTTTGTT,Dip_clone_Env_dBFA2_WGS_10C_4_C1_S15,dBFA2
CGTACAAAACGTAAGCACTTTATAAGTTATCAAACTTGTTTTTCGTTCCATG,Dip_clone_Env_dBFA2_WGS_10C_4_C6_S25,dBFA2
CCAAGAAACTAGAATTGTTTTACTCATTGGTAACTGTGTTTTATGTTTTGTT,Dip_clone_Env_dBFA2_WGS_10C_4_D1_S35,dBFA2
TTGAGAACACGGAACGGTATTTAGTCCACTTAACTTGGTTAACGTTTGCCAG,Dip_clone_Env_dBFA2_WGS_10C_4_D6_S45,dBFA2
GCGGAAAGTAAAAAAGGTTTTGGTCACACATAACATGCTTTTTAATTTGTCG,Dip_clone_Env_dBFA2_WGS_10C_4_E8_S72,dBFA2
AATAAAATCGCGAAGGTGCTTCTCAACTATTAATCATTTTTTTTCTTGTTTT,FLC_2N_Plate1_FLC-A11_S11,dBFA2;hBFA2
ACTACAAGCTGCAACTATGTTCTGGAAAGCAAATAGAATTGTACGTTTGCCA,Dip_clone_Env_dBFA2_WGS_10C_4_G1_S16,dBFA2
GTACTAAACCCTAAATAACTTGTTTTGTCCGAACGCAGTTTCGTGTTAGGGT,Dip_clone_Env_dBFA2_WGS_10C_4_G6_S26,dBFA2
TTCAAAATGAACAACCTCTTTTCCGTTTATCAAACTTGTTTTTCGTTCCATG,Dip_clone_Env_dBFA2_WGS_10C_4_G7_S36,dBFA2
CAACGAATGACGAAACAGGTTGTGATAAGCAAATAGAATTGTACGTTTGCCA,Dip_clone_Env_dBFA2_WGS_10C_4_H1_S46,dBFA2
CATAAAATCAATAAATGTGTTCTGCGTCCGAACGCAGTTTCGTGTTAGGGT,Dip_clone_Env_dBFA2_WGS_10D_1_A2_S40,dBFA2
TTGAGAACACGGAACGGTATTTAGTCCACTTAACTTGGTTAACGTTTGCCAG,Dip_clone_Env_dBFA2_WGS_10D_1_A6_S64,dBFA2
TAAACAACTGATAACTGAATTGCAGACACATAACATGCTTTTTAATTTGTCG,Dip_clone_Env_dBFA2_WGS_10D_1_B1_S73,dBFA2
AAACAAAATGCGAATTCTTTTAGTGACACATAACATGCTTTTTAATTTGTCG,Dip_clone_Env_dBFA2_WGS_10D_1_B5_S7,dBFA2
TTCGCAATAGCAAACCCTATTCATTTCACATAACATGCTTTTTAATTTGTCG,Dip_clone_Env_dBFA2_WGS_10D_1_D5_S27,dBFA2
CACAGAACATCGAACCGAGTTTTGATCACTTAACTTGGTTAACGTTTGCCAG,Dip_clone_Env_dBFA2_WGS_10D_1_E2_S37,dBFA2
GTATCAACTTAAAAGAATGTTCGACCCACATAACATGCTTTTTAATTTGTCG,Dip_clone_Env_dBFA2_WGS_10D_1_F1_S56,dBFA2
GTGTCAAGAAACAACGTTCTTACTTTCGGTTAATGGCTTTCTTCTTTGCTTG,Dip_clone_Env_dBFA2_WGS_10D_1_H6_S74,dBFA2
ATAGAAAATTTCAATGGGATTATGCTTTTCTAATAGCCTTAAGTCTTGTTCA,Dip_clone_Env_dBFA2_WGS_11C_4_A3_S8,dBFA2
AAAAAAATTCCAAAAAATTTTCCGGTGTGTCAATCGATTTTTTTGTTATGTA,Dip_clone_Env_dBFA2_WGS_11C_4_A6_S28,dBFA2
TGTTTAATCCGCAATCCTTTTCAATCGTGTCAATCGATTTTTTTGTTATGTA,Dip_clone_Env_dBFA2_WGS_11C_4_A9_S38,dBFA2
AAGCTAAGGGGGAAGTATGTTGCGCATACCCAACGAAATTGTGTTTTTTTGA,Dip_clone_Env_dBFA2_WGS_11C_4_C10_S66,dBFA2
AGGTAAAGGAACAAAGCCTTTGTAGGGTGTCAATCGATTTTTTTGTTATGTA,Dip_clone_Env_dBFA2_WGS_11C_4_D9_S9,dBFA2
TCGCGAACAGGAAAGATGATTGCGACGTGTCAATCGATTTTTTTGTTATGTA,Dip_clone_Env_dBFA2_WGS_11C_4_E4_S19,dBFA2
AAAGGAACTTAAAAACGAATTCAACATACCCAACGAAATTGTGTTTTTTTGA,Dip_clone_Env_dBFA2_WGS_11C_4_E8_S29,dBFA2
ATCTCAAACCCGAATATTCTTCCCGCTACCCAACGAAATTGTGTTTTTTTGA,Dip_clone_Env_dBFA2_WGS_11C_4_F8_S49,dBFA2
AAGGCAATGCGAAAAACGCTTGGGTCGTGTCAATCGATTTTTTTGTTATGTA,Dip_clone_Env_dBFA2_WGS_11C_4_G8_S67,dBFA2
GACCGAATGGTAAATAATTTTCCAAGTACCCAACGAAATTGTGTTTTTTTGA,Dip_clone_Env_dBFA2_WGS_11D_1_B6_S10,dBFA2
TCGCGAACAGGAAAGATGATTGCGACGTGTCAATCGATTTTTTTGTTATGTA,Dip_clone_Env_dBFA2_WGS_11D_1_D1_S20,dBFA2
TGTCGAATTGGGAATGGGGTTGCCGGGTGTCAATCGATTTTTTTGTTATGTA,Dip_clone_Env_dBFA2_WGS_11D_1_H4_S30,dBFA2
TTTTAAACCTACAAGACAGTTCTGGACCCAGAATGGGGTTTGTGTTTTAGGA,Dip_clone_Env_dBFA2_WGS_4C_1_A7_S11,dBFA2
CGGCAAACCCTGAATATCGTTTAACTAACGAAACAGTGTTGTAATTTTGTGA,Dip_clone_Env_dBFA2_WGS_4C_1_C11_S50,dBFA2
CATCAAAGGGCAAATCGCATTAAGTATCATGAAACACATTCATCGTTTACGA,Dip_clone_Env_dBFA2_WGS_4C_1_C5_S31,dBFA2
TTGTTAAACCAGAATCCTCTTATACAAACGAAACAGTGTTGTAATTTTGTGA,Dip_clone_Env_dBFA2_WGS_4C_1_C7_S41,dBFA2
TATGAAACATGGAATCTCATTGCATTTCATGAAACACATTCATCGTTTACGA,Dip_clone_Env_dBFA2_WGS_4C_1_D10_S68,dBFA2
TCATCAAGGAAAAATTGAATTACTAACCCAGAATGGGGTTTGTGTTTTAGGA,Dip_clone_Env_dBFA2_WGS_4C_1_D9_S59,dBFA2
CCTCTAAACGAAAAACACTTTTGCCCAACGAAACAGTGTTGTAATTTTGTGA,Dip_clone_Env_dBFA2_WGS_4C_1_E10_S12,dBFA2
ACCTAAATAATAAACCCATTTTCATCAACGAAACAGTGTTGTAATTTTGTGA,Dip_clone_Env_dBFA2_WGS_4C_1_F10_S22,dBFA2
TCCTCAAAAAGTAATTCAGTTAGATCTCATGAAACACATTCATCGTTTACGA,Dip_clone_Env_dBFA2_WGS_4C_1_H7_S42,dBFA2
TTGTAAATCGCTAACGAATTTGGGCATCATGAAACACATTCATCGTTTACGA,Dip_clone_Env_dBFA2_WGS_4D_1_A2_S51,dBFA2
TCATAAAGTACTAATCTCATTGGCTATCATGAAACACATTCATCGTTTACGA,Dip_clone_Env_dBFA2_WGS_4D_1_B10_S60,dBFA2
ACCTAAATAATAAACCCATTTTCATCAACGAAACAGTGTTGTAATTTTGTGA,Dip_clone_Env_dBFA2_WGS_4D_1_C9_S69,dBFA2
TTTACAACGGTGAATATCTTTGAATACCCAGAATGGGGTTTGTGTTTTAGGA,Dip_clone_Env_dBFA2_WGS_4D_1_H9_S3,dBFA2
TACCTAATCACAAAGCCAGTTCTTCGATATAAACTTTGTTTGTTCTTTAGGT,Dip_clone_Env_dBFA2_WGS_6C_1_A3_S13,dBFA2
GGAACAATCTTGAAGAGTTTTTATGAATATAAACTTTGTTTGTTCTTTAGGT,Dip_clone_Env_dBFA2_WGS_6C_1_B2_S33,dBFA2
AATGAAAAAGTGAAAGACCTTTACAGATATAAACTTTGTTTGTTCTTTAGGT,Dip_clone_Env_dBFA2_WGS_6C_1_C6_S43,dBFA2
ACATTAATTCCGAAGTGTTTTCACGGCCATGAAAATCGTTTATAATTCTTTC,Dip_clone_Env_dBFA2_WGS_6C_1_D4_S52,dBFA2
CTTACAACAAGCAATTTGATTGGATCCCATGAAAATCGTTTATAATTCTTTC,Dip_clone_Env_dBFA2_WGS_6C_1_E3_S61,dBFA2
CTAACAATAGCGAACAAGATTAGGTTATATAAACTTTGTTTGTTCTTTAGGT,Dip_clone_Env_dBFA2_WGS_6C_1_H6_S70,dBFA2
GTGAAAATTGTTAATTCGGTTGGTTTCGAGAAACAAGTTTGTAACTTGCGGG,Dip_clone_Env_dBFA2_WGS_6D_1_A3_S4,dBFA2
AATTCAACAAAAAAGACTTTTAATGAATATAAACTTTGTTTGTTCTTTAGGT,Dip_clone_Env_dBFA2_WGS_6D_1_A4_S14,dBFA2
CAAGAAATAGGGAACCTGCTTAAAGGATATAAACTTTGTTTGTTCTTTAGGT,Dip_clone_Env_dBFA2_WGS_6D_1_A9_S24,dBFA2
ACTATAATCGGCAACGCATTTGGTCACGAGAAACAAGTTTGTAACTTGCGGG,Dip_clone_Env_dBFA2_WGS_6D_1_B11_S34,dBFA2
TCTATAAATCAAAAAAGGTTTTGGTAATATAAACTTTGTTTGTTCTTTAGGT,Dip_clone_Env_dBFA2_WGS_6D_1_C11_S44,dBFA2
CTTTTAACGGAAAACCCACTTAGGTACGCTTAATGGTGTTCGATTTTTGCAG,Dip_clone_Env_dBFA2_WGS_6D_1_F2_S53,dBFA2
TGAGCAAATGGGAATACCATTTGCATATATAAACTTTGTTTGTTCTTTAGGT,Dip_clone_Env_dBFA2_WGS_6D_1_G10_S71,dBFA2
CTGCAAAGCACCAAGTGGGTTACGTGATATAAACTTTGTTTGTTCTTTAGGT,Dip_clone_Env_dBFA2_WGS_6D_1_G3_S62,dBFA2
TAAATAAGAAGGAAGGTTGTTTACGGCCATGAACATATTTGTCAATTACTTA,FLC_2N_Plate1_FLC-A12_S12,dBFA2;hBFA2
ATAACAAGTAGCAAGATGATTGGTAACCATGAACATATTTGTCAATTACTTA,FLC_2N_Plate1_FLC-A2_S2,dBFA2;hBFA2
TGATAAAGGATAAAATGAGTTCGATCCCATGAACATATTTGTCAATTACTTA,FLC_2N_Plate1_FLC-A3_S3,dBFA2;hBFA2
ACGATAAACACGAATAGTCTTTTATGATGGTAAAAGTGTTATCCATTGTGGA,FLC_2N_Plate1_FLC-A4_S4,dBFA2;hBFA2
TTTCAAATTGACAACCACTTTGTTCTCCATGAACATATTTGTCAATTACTTA,FLC_2N_Plate1_FLC-A5_S5,dBFA2;hBFA2
CCCATAAAAGATAATAGGATTCTATACCATGAACATATTTGTCAATTACTTA,FLC_2N_Plate1_FLC-A7_S7,dBFA2;hBFA2
CAGCCAATACCGAAACCGATTGTTGTCCATGAACATATTTGTCAATTACTTA,FLC_2N_Plate1_FLC-A8_S8,dBFA2;hBFA2
CATAGAACCAGGAAAGCTCTTCCTGCCCATGAACATATTTGTCAATTACTTA,FLC_2N_Plate1_FLC-A9_S9,dBFA2;hBFA2
ATGAAAAATTGCAATCCCGTTTGAATCCATGAACATATTTGTCAATTACTTA,FLC_2N_Plate1_FLC-B10_S22,dBFA2;hBFA2
ATACAAAGCGTTAAGACTGTTGGAGTCCATGAACATATTTGTCAATTACTTA,FLC_2N_Plate1_FLC-B2_S14,dBFA2;hBFA2
AAATCAATGCGCAACCTTATTTATCTCCATGAACATATTTGTCAATTACTTA,FLC_2N_Plate1_FLC-B3_S15,dBFA2;hBFA2
TATCAAATGATTAATCGTCTTTTCACCCATGAACATATTTGTCAATTACTTA,FLC_2N_Plate1_FLC-B4_S16,dBFA2;hBFA2
AGTAAAAGAGATAATTGTCTTTTTCGCCATGAACATATTTGTCAATTACTTA,FLC_2N_Plate1_FLC-B5_S17,dBFA2;hBFA2
ATCGAAATTTTAAATGACGTTGATAGCCATGAACATATTTGTCAATTACTTA,FLC_2N_Plate1_FLC-B7_S19,dBFA2;hBFA2
TGGTAAAAAGACAAATCGATTAGTTACCATGAACATATTTGTCAATTACTTA,FLC_2N_Plate1_FLC-B8_S20,dBFA2;hBFA2
ACTATAACAGTTAACTCGTTTTAGACCCATGAACATATTTGTCAATTACTTA,FLC_2N_Plate1_FLC-B9_S21,dBFA2;hBFA2
CTAAGAACGTTAAAGCAGATTCTGAACCATGAACATATTTGTCAATTACTTA,FLC_2N_Plate1_FLC-C10_S34,dBFA2;hBFA2
AGCTAAAATTTCAAGCTCCTTTTATTCCATGAACATATTTGTCAATTACTTA,FLC_2N_Plate1_FLC-C11_S35,dBFA2;hBFA2
TGTGTAAAACATAATGCAATTACTGACCATGAACATATTTGTCAATTACTTA,FLC_2N_Plate1_FLC-C12_S36,dBFA2;hBFA2
TTCTGAAGCAGTAAAGGCCTTTTAACCCATGAACATATTTGTCAATTACTTA,FLC_2N_Plate1_FLC-C2_S26,dBFA2;hBFA2
TTTAAAACCGTTAAGTTATTTCATAACCATGAACATATTTGTCAATTACTTA,FLC_2N_Plate1_FLC-C3_S27,dBFA2;hBFA2
ATATTAAATTTAAATAAGTTTTAGTGATGGTAAAAGTGTTATCCATTGTGGA,FLC_2N_Plate1_FLC-C5_S29,dBFA2;hBFA2
ATAATAATGACCAAAGAACTTATGGGCCATGAACATATTTGTCAATTACTTA,FLC_2N_Plate1_FLC-C7_S31,dBFA2;hBFA2
AATCTAAGTACTAAACCTCTTTATAACCATGAACATATTTGTCAATTACTTA,FLC_2N_Plate1_FLC-C8_S32,dBFA2;hBFA2
TTAGGAAACCATAAATCTGTTGTAGACCATGAACATATTTGTCAATTACTTA,FLC_2N_Plate1_FLC-C9_S33,dBFA2;hBFA2
CCTATAAGACCTAAATGTTTTGGAAACCATGAACATATTTGTCAATTACTTA,FLC_2N_Plate1_FLC-D1_S37,dBFA2;hBFA2
TATGAAATCTTGAAGGGTGTTCAGGACCATGAACATATTTGTCAATTACTTA,FLC_2N_Plate1_FLC-D2_S38,dBFA2;hBFA2
TGCTTAAAATGTAAGACCGTTTAGTGCCATGAACATATTTGTCAATTACTTA,FLC_2N_Plate1_FLC-D3_S39,dBFA2;hBFA2
CGAGAAAGGGGCAATGAAATTGTATGCCATGAACATATTTGTCAATTACTTA,FLC_2N_Plate1_FLC-D4_S40,dBFA2;hBFA2
GGTGAAATAAAAAATTACATTGTGAAATGGTAAAAGTGTTATCCATTGTGGA,FLC_2N_Plate1_FLC-D5_S41,dBFA2;hBFA2
TATTCAAACTGGAATTTTTTTGCGGGCCATGAACATATTTGTCAATTACTTA,FLC_2N_Plate1_FLC-D6_S42,dBFA2;hBFA2
ACCAAAAACTCTAACTATGTTCGAGGCCATGAACATATTTGTCAATTACTTA,FLC_2N_Plate1_FLC-D7_S43,dBFA2;hBFA2
TTTGGAAGCAGCAATCATTTTACGATCCATGAACATATTTGTCAATTACTTA,FLC_2N_Plate1_FLC-D9_S45,dBFA2;hBFA2
AGAGGAAGCGGCAATGGGGTTTCGCGCCATGAACATATTTGTCAATTACTTA,FLC_2N_Plate1_FLC-E10_S58,dBFA2;hBFA2
TGGCTAACGCTGAAATTACTTAGAGGCCATGAACATATTTGTCAATTACTTA,FLC_2N_Plate1_FLC-E12_S60,dBFA2;hBFA2
TAATAAATGGCAAACTTTATTTTTGCCCATGAACATATTTGTCAATTACTTA,FLC_2N_Plate1_FLC-E1_S49,dBFA2;hBFA2
AAGTAAAAAGAAAATAAAATTCTAAACCATGAACATATTTGTCAATTACTTA,FLC_2N_Plate1_FLC-E2_S50,dBFA2;hBFA2
AGTCTAAAAGGCAAATACCTTATCCGCCATGAACATATTTGTCAATTACTTA,FLC_2N_Plate1_FLC-E3_S51,dBFA2;hBFA2
GCCGTAAAACGTAATTTGGTTATTATCCATGAACATATTTGTCAATTACTTA,FLC_2N_Plate1_FLC-E4_S52,dBFA2;hBFA2
TTTATAACTTTTAAATCCATTTATTTATTCAAACAGTATTTTAGTTTATGTA,FLC_2N_Plate1_FLC-E5_S53,dBFA2;hBFA2
TCCCTAAACACTAATGCACTTGAAGTATGGTAAAAGTGTTATCCATTGTGGA,FLC_2N_Plate1_FLC-E6_S54,dBFA2;hBFA2
CCACAAACGTGTAATTAGATTGGTTTATGGTAAAAGTGTTATCCATTGTGGA,FLC_2N_Plate1_FLC-E9_S57,dBFA2;hBFA2
GCGGGAAGCGGCAAATCTCTTGTACTCCATGAACATATTTGTCAATTACTTA,FLC_2N_Plate1_FLC-F12_S72,dBFA2;hBFA2
AACCCAACATATAATAGTTTTTTAATCCATGAACATATTTGTCAATTACTTA,FLC_2N_Plate1_FLC-F1_S61,dBFA2;hBFA2
CCGGAAAACCAGAAACTGTTTCTATGCCATGAACATATTTGTCAATTACTTA,FLC_2N_Plate1_FLC-F2_S62,dBFA2;hBFA2
TTGAAAATCGATAATCTGTTTCCATCCCATGAACATATTTGTCAATTACTTA,FLC_2N_Plate1_FLC-F3_S63,dBFA2;hBFA2
CATGAAATGGTTAACATTGTTTCAATCCATGAACATATTTGTCAATTACTTA,FLC_2N_Plate1_FLC-F5_S65,dBFA2;hBFA2
ATCGTAATCATAAAGAGAGTTTCGGTCCATGAACATATTTGTCAATTACTTA,FLC_2N_Plate1_FLC-F6_S66,dBFA2;hBFA2
TTTTGAAACATCAAATACATTTTGGGCCATGAACATATTTGTCAATTACTTA,FLC_2N_Plate1_FLC-F7_S67,dBFA2;hBFA2
AAAGTAAGGCGCAACGACCTTGCGGGCCATGAACATATTTGTCAATTACTTA,FLC_2N_Plate1_FLC-F9_S69,dBFA2;hBFA2
TTTGGAAGACACAATAAATTTTTAAGAGGTAAAACCACTTCCCAATTTGGGC,FLC_2N_Plate1_FLC-G3_S75,dBFA2;hBFA2
TGTTTAAGATCCAATTAGTTTTCAGGCCATGAACATATTTGTCAATTACTTA,FLC_2N_Plate1_FLC-G5_S77,dBFA2;hBFA2
ATGTTAAGTGTAAATAACGTTCCTTTCCATGAACATATTTGTCAATTACTTA,FLC_2N_Plate1_FLC-G7_S79,dBFA2;hBFA2
AATATAATGAGAAACTTGCTTGCATACCATGAACATATTTGTCAATTACTTA,FLC_2N_Plate2_FLC-P2-A3-GCGTAGTA-CTAGTCGA_S3,dBFA2;hBFA2
GCCCGAAAGGCCAATCCTTTTTTTTAATGGTAAAAGTGTTATCCATTGTGGA,FLC_2N_Plate2_FLC-P2-A1-ACTCGCTA-CTAGTCGA_S1,dBFA2;hBFA2
AACTCAACTAATAAATATATTGGGCCCCATGAACATATTTGTCAATTACTTA,FLC_2N_Plate2_FLC-P2-A4-CGGAGCCT-CTAGTCGA_S4,dBFA2;hBFA2
ATCACAATCGATAATAGCATTTAACACCATGAACATATTTGTCAATTACTTA,FLC_2N_Plate2_FLC-P2-A10-CGATCAGT-CTAGTCGA_S10,dBFA2;hBFA2
CGTGGAAGTTGAAATCTTTTTACAGGCCATGAACATATTTGTCAATTACTTA,FLC_2N_Plate2_FLC-P2-A5-TACGCTGC-CTAGTCGA_S5,dBFA2;hBFA2
TTCAAAAAGTTGAAAGGAGTTCCGGTATGGTAAAAGTGTTATCCATTGTGGA,FLC_2N_Plate2_FLC-P2-A11-TGCAGCTA-CTAGTCGA_S11,dBFA2;hBFA2
AAGACAAATCCGAAACTTTTTTGACCCCATGAACATATTTGTCAATTACTTA,FLC_2N_Plate2_FLC-P2-A6-ATGCGCAG-CTAGTCGA_S6,dBFA2;hBFA2
GAATCAAGGATCAAGAGGTTTATGGACCATGAACATATTTGTCAATTACTTA,FLC_2N_Plate2_FLC-P2-A12-TCGACGTC-CTAGTCGA_S12,dBFA2;hBFA2
AGAACAATTGTTAAATCGATTGTAAACCATGAACATATTTGTCAATTACTTA,FLC_2N_Plate2_FLC-P2-A7-TAGCGCTC-CTAGTCGA_S7,dBFA2;hBFA2
AAGAGAAAACTAAATACTTTTGGACAATGGTAAAAGTGTTATCCATTGTGGA,FLC_2N_Plate2_FLC-P2-A2-GGAGCTAC-CTAGTCGA_S2,dBFA2;hBFA2
TCAACAATCGGGAATACTTTTATCTCCCATGAACATATTTGTCAATTACTTA,FLC_2N_Plate2_FLC-P2-A8-ACTGAGCG-CTAGTCGA_S8,dBFA2;hBFA2
GTATGAATCCGAAATTGTTTTGATATCCATGAACATATTTGTCAATTACTTA,FLC_2N_Plate2_FLC-P2-A9-CCTAAGAC-CTAGTCGA_S9,dBFA2;hBFA2
CGGTCAACAGGTAATCATGTTAAGTAATGGTAAAAGTGTTATCCATTGTGGA,FLC_2N_Plate2_FLC-P2-B1-ACTCGCTA-AGCTAGAA_S13,dBFA2;hBFA2
GTATCAACTTGGAATTTGCTTGACTCCCATGAACATATTTGTCAATTACTTA,FLC_2N_Plate2_FLC-P2-B10-CGATCAGT-AGCTAGAA_S22,dBFA2;hBFA2
TTTGTAAGTACAAATAAAATTGCCTTCCATGAACATATTTGTCAATTACTTA,FLC_2N_Plate2_FLC-P2-B11-TGCAGCTA-AGCTAGAA_S23,dBFA2;hBFA2
TAAATAAGACTTAACTTCTTTTATCTCCATGAACATATTTGTCAATTACTTA,FLC_2N_Plate2_FLC-P2-B12-TCGACGTC-AGCTAGAA_S24,dBFA2;hBFA2
CATTAAACCGCTAATTGTGTTCAGTGCCATGAACATATTTGTCAATTACTTA,FLC_2N_Plate2_FLC-P2-B2-GGAGCTAC-AGCTAGAA_S14,dBFA2;hBFA2
TTGAAAATCATAAAGCCAATTGCTCCCCATGAACATATTTGTCAATTACTTA,FLC_2N_Plate2_FLC-P2-B4-CGGAGCCT-AGCTAGAA_S16,dBFA2;hBFA2
AAGTTAATAATCAAGAACATTCTGCGCCATGAACATATTTGTCAATTACTTA,FLC_2N_Plate2_FLC-P2-B5-TACGCTGC-AGCTAGAA_S17,dBFA2;hBFA2
CATCTAATCATCAATCAACTTACTTTCCATGAACATATTTGTCAATTACTTA,FLC_2N_Plate2_FLC-P2-B6-ATGCGCAG-AGCTAGAA_S18,dBFA2;hBFA2
TCACAAACAGCAAAAACCGTTTTTTGCCATGAACATATTTGTCAATTACTTA,FLC_2N_Plate2_FLC-P2-B8-ACTGAGCG-AGCTAGAA_S20,dBFA2;hBFA2
GACCAAACCAAGAACGAAGTTTCTGGCCATGAACATATTTGTCAATTACTTA,FLC_2N_Plate2_FLC-P2-B9-CCTAAGAC-AGCTAGAA_S21,dBFA2;hBFA2
CGATTAATTTATAATTTACTTGGGCTCCATGAACATATTTGTCAATTACTTA,FLC_2N_Plate2_FLC-P2-C1-ACTCGCTA-ACTCTAGG_S25,dBFA2;hBFA2
ACCGTAAGACAAAAGTAAATTCTAAGCCATGAACATATTTGTCAATTACTTA,FLC_2N_Plate2_FLC-P2-C10-CGATCAGT-ACTCTAGG_S34,dBFA2;hBFA2
CGAAAAACTTTAAAGTATGTTATTGTCCATGAACATATTTGTCAATTACTTA,FLC_2N_Plate2_FLC-P2-C11-TGCAGCTA-ACTCTAGG_S35,dBFA2;hBFA2
TCGTCAACCAGGAAGTTTCTTGTGCGCCATGAACATATTTGTCAATTACTTA,FLC_2N_Plate2_FLC-P2-C12-TCGACGTC-ACTCTAGG_S36,dBFA2;hBFA2
GTATTAACTCGGAATCCCCTTTGCATCCATGAACATATTTGTCAATTACTTA,FLC_2N_Plate2_FLC-P2-C2-GGAGCTAC-ACTCTAGG_S26,dBFA2;hBFA2
GAGGGAATTCTGAACGGTATTCTGAGCCATGAACATATTTGTCAATTACTTA,FLC_2N_Plate2_FLC-P2-C3-GCGTAGTA-ACTCTAGG_S27,dBFA2;hBFA2
TTGTTAAAAACGAAGAGGTTTCTCTGCCATGAACATATTTGTCAATTACTTA,FLC_2N_Plate2_FLC-P2-C4-CGGAGCCT-ACTCTAGG_S28,dBFA2;hBFA2
CTTCGAATGTGCAAAGGCTTTTTGGGCCATGAACATATTTGTCAATTACTTA,FLC_2N_Plate2_FLC-P2-C5-TACGCTGC-ACTCTAGG_S29,dBFA2;hBFA2
TCCGAAACACGGAACTCCATTCGCGCCCATGAACATATTTGTCAATTACTTA,FLC_2N_Plate2_FLC-P2-C6-ATGCGCAG-ACTCTAGG_S30,dBFA2;hBFA2
ACTCAAACTAGGAAGATTATTTGGTACCATGAACATATTTGTCAATTACTTA,FLC_2N_Plate2_FLC-P2-C7-TAGCGCTC-ACTCTAGG_S31,dBFA2;hBFA2
GGACAAACTGTGAACTGCTTTGCGCTCCATGAACATATTTGTCAATTACTTA,FLC_2N_Plate2_FLC-P2-C9-CCTAAGAC-ACTCTAGG_S33,dBFA2;hBFA2
TATGCAAAATGTAATGGTGTTTTTCGCCATGAACATATTTGTCAATTACTTA,FLC_2N_Plate2_FLC-P2-D1-ACTCGCTA-TCTTACGC_S37,dBFA2;hBFA2
TTATGAACTGGTAATCAGTTTTATACCCATGAACATATTTGTCAATTACTTA,FLC_2N_Plate2_FLC-P2-D10-CGATCAGT-TCTTACGC_S46,dBFA2;hBFA2
ACTAAAACATAGAACTAGATTTTTATCCATGAACATATTTGTCAATTACTTA,FLC_2N_Plate2_FLC-P2-D12-TCGACGTC-TCTTACGC_S48,dBFA2;hBFA2
TGAATAAATTGGAAAGAATTTTGACACCATGAACATATTTGTCAATTACTTA,FLC_2N_Plate2_FLC-P2-D2-GGAGCTAC-TCTTACGC_S38,dBFA2;hBFA2
AACAAAACTGATAAGCCAGTTCCGATCCATGAACATATTTGTCAATTACTTA,FLC_2N_Plate2_FLC-P2-D3-GCGTAGTA-TCTTACGC_S39,dBFA2;hBFA2
ATATCAACATTTAAAACAGTTGCATACCATGAACATATTTGTCAATTACTTA,FLC_2N_Plate2_FLC-P2-D4-CGGAGCCT-TCTTACGC_S40,dBFA2;hBFA2
GATCCAAAAATAAATTAGGTTGTCTTAGGTAAAACCACTTCCCAATTTGGGC,FLC_2N_Plate2_FLC-P2-D5-TACGCTGC-TCTTACGC_S41,dBFA2;hBFA2
AAGCTAAAAAATAAAGGTTTTCGACTCCATGAACATATTTGTCAATTACTTA,FLC_2N_Plate2_FLC-P2-D6-ATGCGCAG-TCTTACGC_S42,dBFA2;hBFA2
ATGGAAAATATGAACTAGGTTGGTGGCCATGAACATATTTGTCAATTACTTA,FLC_2N_Plate2_FLC-P2-D7-TAGCGCTC-TCTTACGC_S43,dBFA2;hBFA2
GAGTCAATTGTTAAGTTTATTCGTTACCATGAACATATTTGTCAATTACTTA,FLC_2N_Plate2_FLC-P2-D8-ACTGAGCG-TCTTACGC_S44,dBFA2;hBFA2
TTCACAATCAGTAAGTAGGTTAAATTCCATGAACATATTTGTCAATTACTTA,FLC_2N_Plate2_FLC-P2-D9-CCTAAGAC-TCTTACGC_S45,dBFA2;hBFA2
TTAACAAAACCGAACATTTTTTCACACCATGAACATATTTGTCAATTACTTA,FLC_2N_Plate2_FLC-P2-E1-ACTCGCTA-CTTAATAG_S49,dBFA2;hBFA2
TACTCAATGCCGAATAAGCTTCCCGGCCATGAACATATTTGTCAATTACTTA,FLC_2N_Plate2_FLC-P2-E10-CGATCAGT-CTTAATAG_S58,dBFA2;hBFA2
TTTAAAAATGACAACCTAGTTGGATACCATGAACATATTTGTCAATTACTTA,FLC_2N_Plate2_FLC-P2-E11-TGCAGCTA-CTTAATAG_S59,dBFA2;hBFA2
TAAACAAAATAGAAATTTTTTTCCAAATGGTAAAAGTGTTATCCATTGTGGA,FLC_2N_Plate2_FLC-P2-E12-TCGACGTC-CTTAATAG_S60,dBFA2;hBFA2
ATAGAAACAATTAAAGCCCTTAAACTCCATGAACATATTTGTCAATTACTTA,FLC_2N_Plate2_FLC-P2-E3-GCGTAGTA-CTTAATAG_S51,dBFA2;hBFA2
ACATAAACATTTAACAGTTTTTTATGCCATGAACATATTTGTCAATTACTTA,FLC_2N_Plate2_FLC-P2-E4-CGGAGCCT-CTTAATAG_S52,dBFA2;hBFA2
AGCAAAATATGTAAACGATTTTTGGTCCATGAACATATTTGTCAATTACTTA,FLC_2N_Plate2_FLC-P2-E5-TACGCTGC-CTTAATAG_S53,dBFA2;hBFA2
TTAGCAAAAAACAAAGGAGTTGTGCTCCATGAACATATTTGTCAATTACTTA,FLC_2N_Plate2_FLC-P2-E6-ATGCGCAG-CTTAATAG_S54,dBFA2;hBFA2
TTATTAATAAAGAACCCGGTTTTTACCCATGAACATATTTGTCAATTACTTA,FLC_2N_Plate2_FLC-P2-E8-ACTGAGCG-CTTAATAG_S56,dBFA2;hBFA2
TCAACAATTTCAAAAGTGGTTGAGTGATGGTAAAAGTGTTATCCATTGTGGA,FLC_2N_Plate2_FLC-P2-E9-CCTAAGAC-CTTAATAG_S57,dBFA2;hBFA2
ACACTAAGTTTTAATGGGATTAAACTATTCAAACAGTATTTTAGTTTATGTA,FLC_2N_Plate2_FLC-P2-F1-ACTCGCTA-ATAGCCTT_S61,dBFA2;hBFA2
TATCTAACGTTAAAATTTCTTGAAAACCATGAACATATTTGTCAATTACTTA,FLC_2N_Plate2_FLC-P2-F10-CGATCAGT-ATAGCCTT_S70,dBFA2;hBFA2
GTAACAAGACTCAACAAGTTTCGGCACCATGAACATATTTGTCAATTACTTA,FLC_2N_Plate2_FLC-P2-F11-TGCAGCTA-ATAGCCTT_S71,dBFA2;hBFA2
ATCATAACATTAAACGTGTTTAAAGACCATGAACATATTTGTCAATTACTTA,FLC_2N_Plate2_FLC-P2-F12-TCGACGTC-ATAGCCTT_S72,dBFA2;hBFA2
CTATGAAAACTTAATAGTATTATACGCCATGAACATATTTGTCAATTACTTA,FLC_2N_Plate2_FLC-P2-F2-GGAGCTAC-ATAGCCTT_S62,dBFA2;hBFA2
CGACAAACCACCAACTGCATTTATTGCCATGAACATATTTGTCAATTACTTA,FLC_2N_Plate2_FLC-P2-F3-GCGTAGTA-ATAGCCTT_S63,dBFA2;hBFA2
AGTAAAAAGTGCAAATGGCTTGTTGTAGGTAAAACCACTTCCCAATTTGGGC,FLC_2N_Plate2_FLC-P2-F4-CGGAGCCT-ATAGCCTT_S64,dBFA2;hBFA2
CCGTGAAAAGCGAAGTAAATTATCTACCATGAACATATTTGTCAATTACTTA,FLC_2N_Plate2_FLC-P2-F6-ATGCGCAG-ATAGCCTT_S66,dBFA2;hBFA2
ACGAAAAAATGTAAACGAGTTACCCCATGGTAAAAGTGTTATCCATTGTGGA,FLC_2N_Plate2_FLC-P2-F7-TAGCGCTC-ATAGCCTT_S67,dBFA2;hBFA2
GTTAGAACTTTTAACTGATTTTAGGCATGGTAAAAGTGTTATCCATTGTGGA,FLC_2N_Plate2_FLC-P2-F8-ACTGAGCG-ATAGCCTT_S68,dBFA2;hBFA2
AATAAAATTTGGAACCGTTTTGTAGGCCATGAACATATTTGTCAATTACTTA,FLC_2N_Plate2_FLC-P2-F9-CCTAAGAC-ATAGCCTT_S69,dBFA2;hBFA2
AAGACAACATATAAATATTTTTGCATCCATGAACATATTTGTCAATTACTTA,FLC_2N_Plate3_FLC-P3-A1-TAAGGCGA-ATAGAGAG_S1,dBFA2;hBFA2
GACCCAAACTCCAAGCATGTTTCAAGCCATGAACATATTTGTCAATTACTTA,FLC_2N_Plate3_FLC-P3-A10-GTAGAGGA-ATAGAGAG_S4,dBFA2;hBFA2
ATGCTAATAATTAAAAGGTTTCTGGCCCATGAACATATTTGTCAATTACTTA,FLC_2N_Plate3_FLC-P3-A11-GCTCATGA-ATAGAGAG_S5,dBFA2;hBFA2
GAGCTAACCATTAAGTAGGTTGCTAACCATGAACATATTTGTCAATTACTTA,FLC_2N_Plate3_FLC-P3-A12-ATCTCAGG-ATAGAGAG_S6,dBFA2;hBFA2
TCCCGAAGAGCGAAACATATTCCGATCCATGAACATATTTGTCAATTACTTA,FLC_2N_Plate3_FLC-P3-A2-CGTACTAG-ATAGAGAG_S2,dBFA2;hBFA2
TTTTGAAGAACTAAGCCCGTTCTGTGCCATGAACATATTTGTCAATTACTTA,FLC_2N_Plate3_FLC-P3-A3-AGGCAGAA-ATAGAGAG_S3,dBFA2;hBFA2
CAACCAATCCGTAACCACCTTTATAGCCATGAACATATTTGTCAATTACTTA,FLC_2N_Plate3_FLC-P3-A5-GGACTCCT-ATAGAGAG_S5,dBFA2;hBFA2
ATCTAAAGATGGAATTAGCTTGTACTCCATGAACATATTTGTCAATTACTTA,FLC_2N_Plate3_FLC-P3-A6-TAGGCATG-ATAGAGAG_S6,dBFA2;hBFA2
ATGATAATACTAAATTGTTTTTGATACCATGAACATATTTGTCAATTACTTA,FLC_2N_Plate3_FLC-P3-A7-CTCTCTAC-ATAGAGAG_S1,dBFA2;hBFA2
GAAACAACCGGGAACTAGGTTCTCTTCCATGAACATATTTGTCAATTACTTA,FLC_2N_Plate3_FLC-P3-A8-CGAGGCTG-ATAGAGAG_S2,dBFA2;hBFA2
GTCCGAACGCGAAATTTGATTGTTTACCATGAACATATTTGTCAATTACTTA,FLC_2N_Plate3_FLC-P3-B10-GTAGAGGA-AGAGGATA_S10,dBFA2;hBFA2
ACCACAATTTAAAAGATAATTGGATCCCATGAACATATTTGTCAATTACTTA,FLC_2N_Plate3_FLC-P3-B11-GCTCATGA-AGAGGATA_S11,dBFA2;hBFA2
TTCAAAAAGGTTAAGACCATTGTGCTCCATGAACATATTTGTCAATTACTTA,FLC_2N_Plate3_FLC-P3-B2-CGTACTAG-AGAGGATA_S8,dBFA2;hBFA2
GGAACAAGGTTAAATAGGCTTGTAGGCCATGAACATATTTGTCAATTACTTA,FLC_2N_Plate3_FLC-P3-B3-AGGCAGAA-AGAGGATA_S9,dBFA2;hBFA2
CGGGCAAGGGTAAAACGGGTTGGGGGATGGTAAAAGTGTTATCCATTGTGGA,FLC_2N_Plate3_FLC-P3-B4-TCCTGAGC-AGAGGATA_S10,dBFA2;hBFA2
TTGTGAAAGAGTAAAGGGTTTACAGTCCATGAACATATTTGTCAATTACTTA,FLC_2N_Plate3_FLC-P3-B5-GGACTCCT-AGAGGATA_S11,dBFA2;hBFA2
TCGTTAATCAGGAATTGTCTTGTTATCCATGAACATATTTGTCAATTACTTA,FLC_2N_Plate3_FLC-P3-B6-TAGGCATG-AGAGGATA_S12,dBFA2;hBFA2
GCGGAAATTAGCAAGGGGGTTGGGGGCCATGAACATATTTGTCAATTACTTA,FLC_2N_Plate3_FLC-P3-B8-CGAGGCTG-AGAGGATA_S8,dBFA2;hBFA2
AGTAGAAACTTGAAGCTTATTAAGCTCCATGAACATATTTGTCAATTACTTA,FLC_2N_Plate3_FLC-P3-B9-AAGAGGCA-AGAGGATA_S9,dBFA2;hBFA2
CCGATAATAAATAAGCTAATTTGCAGCCATGAACATATTTGTCAATTACTTA,FLC_2N_Plate3_FLC-P3-C1-TAAGGCGA-CTCCTTAC_S13,dBFA2;hBFA2
AGGGCAACAACAAAAGACGTTGCCGGCCATGAACATATTTGTCAATTACTTA,FLC_2N_Plate3_FLC-P3-C10-GTAGAGGA-CTCCTTAC_S16,dBFA2;hBFA2
ATGACAATTCAAAAAGAGATTAGTAGCCATGAACATATTTGTCAATTACTTA,FLC_2N_Plate3_FLC-P3-C11-GCTCATGA-CTCCTTAC_S17,dBFA2;hBFA2
AATAAAACTTAAAAACTGGTTCGCGCCCATGAACATATTTGTCAATTACTTA,FLC_2N_Plate3_FLC-P3-C2-CGTACTAG-CTCCTTAC_S14,dBFA2;hBFA2
TTTGAAACTATTAACCATGTTGGAGCCCATGAACATATTTGTCAATTACTTA,FLC_2N_Plate3_FLC-P3-C3-AGGCAGAA-CTCCTTAC_S15,dBFA2;hBFA2
AACTAAAAACGCAATTTTTTTACTTCCCATGAACATATTTGTCAATTACTTA,FLC_2N_Plate3_FLC-P3-C4-TCCTGAGC-CTCCTTAC_S16,dBFA2;hBFA2
TACGGAACTTGGAATAGGCTTGCTACCCATGAACATATTTGTCAATTACTTA,FLC_2N_Plate3_FLC-P3-C5-GGACTCCT-CTCCTTAC_S17,dBFA2;hBFA2
GGCGAAAACCCGAAAGCGTTTCGATCCCATGAACATATTTGTCAATTACTTA,FLC_2N_Plate3_FLC-P3-C6-TAGGCATG-CTCCTTAC_S18,dBFA2;hBFA2
TATATAAAGTCGAACTATGTTTGGCACCATGAACATATTTGTCAATTACTTA,FLC_2N_Plate3_FLC-P3-C8-CGAGGCTG-CTCCTTAC_S14,dBFA2;hBFA2
TCATTAATCTTCAAGTCTCTTAACATCCATGAACATATTTGTCAATTACTTA,FLC_2N_Plate3_FLC-P3-C9-AAGAGGCA-CTCCTTAC_S15,dBFA2;hBFA2
CGTTTAACTGTCAATCGTTTTCAGAAAGGTAAAACCACTTCCCAATTTGGGC,FLC_2N_Plate3_FLC-P3-D1-TAAGGCGA-TATGCAGT_S19,dBFA2;hBFA2
AACAGAAGCACAAATGTAATTTAGTCCCATGAACATATTTGTCAATTACTTA,FLC_2N_Plate3_FLC-P3-D2-CGTACTAG-TATGCAGT_S20,dBFA2;hBFA2
GTCGCAAAATTAAACGTTTTTTCTGTCCATGAACATATTTGTCAATTACTTA,FLC_2N_Plate3_FLC-P3-D4-TCCTGAGC-TATGCAGT_S22,dBFA2;hBFA2
GTCCCAAGGTATAAAGAGTTTGATAGCCATGAACATATTTGTCAATTACTTA,FLC_2N_Plate3_FLC-P3-D6-TAGGCATG-TATGCAGT_S24,dBFA2;hBFA2
ACGCGAATGCGTAAAGATTTTTGTGGCCATGAACATATTTGTCAATTACTTA,FLC_2N_Plate3_FLC-P3-D7-CTCTCTAC-TATGCAGT_S19,dBFA2;hBFA2
ATAGGAATCGGCAATAGTGTTGAAGGCCATGAACATATTTGTCAATTACTTA,FLC_2N_Plate3_FLC-P3-D9-AAGAGGCA-TATGCAGT_S21,dBFA2;hBFA2
GATCAAACCTAAAACTACCTTAGTTGCCATGAACATATTTGTCAATTACTTA,FLC_2N_Plate3_FLC-P3-E1-TAAGGCGA-TACTCCTT_S25,dBFA2;hBFA2
TTGCTAATAACGAAGTGGTTTTTTGGCCATGAACATATTTGTCAATTACTTA,FLC_2N_Plate3_FLC-P3-E10-GTAGAGGA-TACTCCTT_S28,dBFA2;hBFA2
CCATAAACGGCAAATGGTTTTTATTGGGGGCAACGCGGTTCCGGGTTGCTGG,FLC_2N_Plate3_FLC-P3-E11-GCTCATGA-TACTCCTT_S29,dBFA2;hBFA2
ATGCTAATTGATAACTGTCTTTTTTACCATGAACATATTTGTCAATTACTTA,FLC_2N_Plate3_FLC-P3-E12-ATCTCAGG-TACTCCTT_S30,dBFA2;hBFA2
ACACGAAGCGACAAACAGCTTGTCTCCCATGAACATATTTGTCAATTACTTA,FLC_2N_Plate3_FLC-P3-E2-CGTACTAG-TACTCCTT_S26,dBFA2;hBFA2
ACATGAATTAGAAAAGTCGTTTCTGCCCATGAACATATTTGTCAATTACTTA,FLC_2N_Plate3_FLC-P3-E4-TCCTGAGC-TACTCCTT_S28,dBFA2;hBFA2
TATCTAAGTTTCAAGAGAATTGACATCCATGAACATATTTGTCAATTACTTA,FLC_2N_Plate3_FLC-P3-E5-GGACTCCT-TACTCCTT_S29,dBFA2;hBFA2
TAGGAAAGTTTTAATCTGCTTGAACACCATGAACATATTTGTCAATTACTTA,FLC_2N_Plate3_FLC-P3-F1-TAAGGCGA-AGGCTTAG_S31,dBFA2;hBFA2
TATTAAACGGATAAAGTCATTCTTAACCATGAACATATTTGTCAATTACTTA,FLC_2N_Plate3_FLC-P3-F12-ATCTCAGG-AGGCTTAG_S36,dBFA2;hBFA2
AAACCAATGATAAATTTTGTTGAAATCCATGAACATATTTGTCAATTACTTA,FLC_2N_Plate3_FLC-P3-F2-CGTACTAG-AGGCTTAG_S32,dBFA2;hBFA2
GAGTAAATATAAAAGGGAATTTTTTTCCATGAACATATTTGTCAATTACTTA,FLC_2N_Plate3_FLC-P3-F3-AGGCAGAA-AGGCTTAG_S33,dBFA2;hBFA2
CATATAATGGATAACCGATTTACAAGAGGTAAAACCACTTCCCAATTTGGGC,FLC_2N_Plate3_FLC-P3-F4-TCCTGAGC-AGGCTTAG_S34,dBFA2;hBFA2
AAGTGAACTGATAATGGGATTTGGCGCCATGAACATATTTGTCAATTACTTA,FLC_2N_Plate3_FLC-P3-F8-CGAGGCTG-AGGCTTAG_S32,dBFA2;hBFA2
TAGGCAAATCGCAAGACCGTTTTAGGCCATGAACATATTTGTCAATTACTTA,FLC_2N_Plate3_FLC-P3-G10-GTAGAGGA-ATTAGACG_S40,dBFA2;hBFA2
ACATAAAAATATAAGGCGCTTTCAATCCATGAACATATTTGTCAATTACTTA,FLC_2N_Plate3_FLC-P3-G12-ATCTCAGG-ATTAGACG_S42,dBFA2;hBFA2
TTGTTAATGTGAAAGGGGGTTCGGCGCCATGAACATATTTGTCAATTACTTA,FLC_2N_Plate3_FLC-P3-G2-CGTACTAG-ATTAGACG_S38,dBFA2;hBFA2
CTTCTAACATCAAAGCAAGTTAAAGTCCATGAACATATTTGTCAATTACTTA,FLC_2N_Plate3_FLC-P3-G4-TCCTGAGC-ATTAGACG_S40,dBFA2;hBFA2
TGACGAACATCAAACGAGATTTGGACCCATGAACATATTTGTCAATTACTTA,FLC_2N_Plate3_FLC-P3-G7-CTCTCTAC-ATTAGACG_S37,dBFA2;hBFA2
GGGTCAAACATGAACAGGTTTGACACTTTGAAAAGAATTTGTCGTTTTTGTC,FLC_R1_clones_1N_P1-D12-GACGTCGA-GCGTAAGA_S48_L008,hBFA1
GTACGAATCAGGAATTTGATTGCAAATCCTAAACGGAATTTTTTCTTCACCT,FLC_R1_clones_1N_P1-D4-AGGCTCCG-GCGTAAGA_S40_L008,hBFA1
ACAAAAAGATATAACAAGCTTGAAGACCCGAAAAAGTTTTTTATCTTCAATG,FLC_R1_clones_1N_P1-D7-GAGCGCTA-GCGTAAGA_S43_L008,hBFA1;hBFA2
CTTACAACTAGAAACAGTGTTATGTTTCCTAAACGGAATTTTTTCTTCACCT,FLC_R1_clones_1N_P1-C3-TACTACGC-CCTAGAGT_S27_L008,hBFA1
CGACGAATTTCTAATTCCGTTTGGGTATTTGAAGCTTGTTATGTATTTGCGT,GlyEtOH_1N_GE_1_A01_all,hBFA1
TCTTTAAACGCAAAGACGCTTGGTGTAATAGAATCATCTTACTTCTTATTAC,GlyEtOH_1N_GE_1_A02_all,hBFA1
TCTCAAACAGGGAAGCCTCTTCGGGTGGTAAAACCAGATTTGGCATTCACTA,GlyEtOH_1N_GE_1_A03_all,hBFA1
ACAAAAAGATATAACAAGCTTGAAGACCCGAAAAAGTTTTTTATCTTCAATG,FLC_R1_clones_1N_P1-G11-TAGCTGCA-GAGCCTTA_S83_L008,hBFA1;hBFA2
ACAAAAAGATATAACAAGCTTGAAGACCCGAAAAAGTTTTTTATCTTCAATG,FLC_R1_clones_1N_P1-G8-CGCTCAGT-GAGCCTTA_S80_L008,hBFA1;hBFA2
CTCGCAAGTGCAAATCTGTTTTAGTTTCCTAAACGGAATTTTTTCTTCACCT,FLC_R1_clones_1N_P1-H10-ACTGATCG-TTATGCGA_S94_L008,hBFA1;hBFA2
TGATAAATAGGGAATGTGATTACTGTTCCTAAACGGAATTTTTTCTTCACCT,FLC_R1_clones_1N_P2-A1-TCGCCTTA-CTCTCTAT_S97_L008,hBFA1
GAAACAAACAATAAATGATTTCGCACTCCTAAACGGAATTTTTTCTTCACCT,FLC_R1_clones_1N_P2-A2-CTAGTACG-CTCTCTAT_S98_L008,hBFA1
TTAATAATACGAAAGCTCTTTGCCGGTCCTAAACGGAATTTTTTCTTCACCT,FLC_R1_clones_1N_P2-A7-GTAGAGAG-CTCTCTAT_S103_L008,hBFA1
ACAAAAAGATATAACAAGCTTGAAGACCCGAAAAAGTTTTTTATCTTCAATG,FLC_R1_clones_1N_P2-A8-CAGCCTCG-CTCTCTAT_S104_L008,hBFA1;hBFA2
CTATCAAAATTTAATCTTATTCTACTTTTGAAAAGAATTTGTCGTTTTTGTC,FLC_R1_clones_1N_P2-A9-TGCCTCTT-CTCTCTAT_S105_L008,hBFA1
ACAAAAAGATATAACAAGCTTGAAGACCCGAAAAAGTTTTTTATCTTCAATG,FLC_R1_clones_1N_P2-B2-CTAGTACG-TATCCTCT_S110_L008,hBFA1;hBFA2
ACAAAAAGATATAACAAGCTTGAAGACCCGAAAAAGTTTTTTATCTTCAATG,FLC_R1_clones_1N_P2-B6-CATGCCTA-TATCCTCT_S114_L008,hBFA1;hBFA2
TCCGTAATCATGAAATATATTAAGGTTTTGAAAAGAATTTGTCGTTTTTGTC,FLC_R1_clones_1N_P2-B8-CAGCCTCG-TATCCTCT_S116_L008,hBFA1
ACAAAAAGATATAACAAGCTTGAAGACCCGAAAAAGTTTTTTATCTTCAATG,FLC_R1_clones_1N_P2-B9-TGCCTCTT-TATCCTCT_S117_L008,hBFA1;hBFA2
CTCGCAAGTGCAAATCTGTTTTAGTTTCCTAAACGGAATTTTTTCTTCACCT,FLC_R1_clones_1N_P2-D8-CAGCCTCG-ACTGCATA_S140_L008,hBFA1;hBFA2
CGCGAAACAGAAAAGGTAGTTTGGTGTTTGAAAAGAATTTGTCGTTTTTGTC,FLC_R1_clones_1N_P2-E1-TCGCCTTA-AAGGAGTA_S145_L008,hBFA1;hBFA2
GCCGGAAGGCGGAAGCCTGTTTTGTGTTTGAAAAGAATTTGTCGTTTTTGTC,FLC_R1_clones_1N_P2-E6-CATGCCTA-AAGGAGTA_S150_L008,hBFA1
ACAAAAAGATATAACAAGCTTGAAGACCCGAAAAAGTTTTTTATCTTCAATG,FLC_R1_clones_1N_P2-E7-GTAGAGAG-AAGGAGTA_S151_L008,hBFA1;hBFA2
ACTAAAATTTTTAATTCGGTTGTTTTTCCTAAACGGAATTTTTTCTTCACCT,FLC_R1_clones_1N_P2-F7-GTAGAGAG-CTAAGCCT_S163_L008,hBFA1
CAGAGAATTGCCAAAGTAGTTGCGGTTCCTAAACGGAATTTTTTCTTCACCT,FLC_R1_clones_1N_P2-G2-CTAGTACG-CGTCTAAT_S170_L008,hBFA1
TATTAAACAGTAAAGGCACTTCAAAGTCATTAAATAAATTGGTCATTTCTAA,FLC_R1_clones_1N_P2-G7-GTAGAGAG-CGTCTAAT_S175_L008,hBFA1;hBFA2
AGTTGAATGAGTAACACGCTTTTGCATCCTAAACGGAATTTTTTCTTCACCT,FLC_R1_clones_1N_P2-H1-TCGCCTTA-TCTCTCCG_S181_L008,hBFA1
CGCATAAGCTACAAAGTACTTCGGTATTTGAAAAGAATTTGTCGTTTTTGTC,FLC_R1_clones_1N_P2-H8-CAGCCTCG-TCTCTCCG_S188_L008,hBFA1;hBFA2
TGTTGAAGGGTAAACCGGTTTTGTCCGTATAAACATTTTTTATACTTATTTA,FLC_R2_clones_1N_P1-A1-TCGCCTTA-CTCTCTAT_S1_L004,hBFA1
CGGTTAAAACTGAACGTGTTTCGTGGTCCTAAACGGAATTTTTTCTTCACCT,FLC_R2_clones_1N_P1-A12-CCTGAGAT-CTCTCTAT_S12_L004,hBFA1
CCGGAAACTGGAAACAATTTTGCAATTTTGAAAAGAATTTGTCGTTTTTGTC,FLC_R2_clones_1N_P1-A2-CTAGTACG-CTCTCTAT_S2_L004,hBFA1
CAATCAAGAACTAAAAGAATTAGCCCTTTGAAAAGAATTTGTCGTTTTTGTC,FLC_R2_clones_1N_P1-A3-TTCTGCCT-CTCTCTAT_S3_L004,hBFA1
ATCGCAAAACGAAAGCCCCTTTGCTTTTTGAAAAGAATTTGTCGTTTTTGTC,FLC_R2_clones_1N_P1-A6-CATGCCTA-CTCTCTAT_S6_L004,hBFA1
ACAAAAAGATATAACAAGCTTGAAGACCCGAAAAAGTTTTTTATCTTCAATG,FLC_R2_clones_1N_P1-B10-TCCTCTAC-TATCCTCT_S22_L004,hBFA1;hBFA2
TCTGTAAACACAAAAGCAGTTGTCATTCCTAAACGGAATTTTTTCTTCACCT,FLC_R2_clones_1N_P1-B12-CCTGAGAT-TATCCTCT_S24_L004,hBFA1
ATTAAAAAATGAAAGTCTGTTCAATGGAATCAATCAAGTTTCTGTTTCACTC,FLC_R2_clones_1N_P1-B3-TTCTGCCT-TATCCTCT_S15_L004,hBFA1
CTCGCAAGTGCAAATCTGTTTTAGTTTCCTAAACGGAATTTTTTCTTCACCT,FLC_R2_clones_1N_P1-B5-AGGAGTCC-TATCCTCT_S17_L004,hBFA1;hBFA2
ACAAAAAGATATAACAAGCTTGAAGACCCGAAAAAGTTTTTTATCTTCAATG,FLC_R2_clones_1N_P1-B6-CATGCCTA-TATCCTCT_S18_L004,hBFA1;hBFA2
ACAAAAAGATATAACAAGCTTGAAGACCCGAAAAAGTTTTTTATCTTCAATG,FLC_R2_clones_1N_P1-C10-TCCTCTAC-GTAAGGAG_S34_L004,hBFA1;hBFA2
AAACTAATATCTAAATGTTTTTTGGATTTGAAAAGAATTTGTCGTTTTTGTC,FLC_R2_clones_1N_P1-C2-CTAGTACG-GTAAGGAG_S26_L004,hBFA1
TTCACAACAAGAAATTATGTTCAACATCCTAAACGGAATTTTTTCTTCACCT,FLC_R2_clones_1N_P1-C4-GCTCAGGA-GTAAGGAG_S28_L004,hBFA1
CGCAGAAGAGATAATACTCTTGGCGGTTTGAAAAGAATTTGTCGTTTTTGTC,FLC_R2_clones_1N_P1-C6-CATGCCTA-GTAAGGAG_S30_L004,hBFA1
AGTTCAAGTGGGAAAGTCCTTCAGGATCCTAAACGGAATTTTTTCTTCACCT,FLC_R2_clones_1N_P1-D1-TCGCCTTA-ACTGCATA_S37_L004,hBFA1
ATATTAAGCGGGAAATTTCTTATACTGTATAAACATTTTTTATACTTATTTA,FLC_R2_clones_1N_P1-D10-TCCTCTAC-ACTGCATA_S46_L004,hBFA1
ACAAAAAGATATAACAAGCTTGAAGACCCGAAAAAGTTTTTTATCTTCAATG,FLC_R2_clones_1N_P1-D12-CCTGAGAT-ACTGCATA_S48_L004,hBFA1;hBFA2
TCAACAATTAGCAACGCCCTTCATTATCCTAAACGGAATTTTTTCTTCACCT,FLC_R2_clones_1N_P1-D4-GCTCAGGA-ACTGCATA_S40_L004,hBFA1
AACGAAAATTTCAAAACTATTGATCTTCCTAAACGGAATTTTTTCTTCACCT,FLC_R2_clones_1N_P1-D5-AGGAGTCC-ACTGCATA_S41_L004,hBFA1;hBFA2
ACCTGAAGCCGTAACCCGGTTTCGTGTTTGAAAAGAATTTGTCGTTTTTGTC,FLC_R2_clones_1N_P1-D6-CATGCCTA-ACTGCATA_S42_L004,hBFA1;hBFA2
ACTTCAACATTTAACCACGTTAGTGCTTTGAAAAGAATTTGTCGTTTTTGTC,FLC_R2_clones_1N_P1-D8-CAGCCTCG-ACTGCATA_S44_L004,hBFA1
ACAAAAAGATATAACAAGCTTGAAGACCCGAAAAAGTTTTTTATCTTCAATG,FLC_R2_clones_1N_P1-D9-TGCCTCTT-ACTGCATA_S45_L004,hBFA1;hBFA2
AATCAAACTAGTAACCTACTTGCACGGTATAAACATTTTTTATACTTATTTA,FLC_R2_clones_1N_P1-E5-AGGAGTCC-AAGGAGTA_S53_L004,hBFA1
GAAAAAAAACTCAAATAAATTTTATTTCCTAAACGGAATTTTTTCTTCACCT,FLC_R2_clones_1N_P1-E6-CATGCCTA-AAGGAGTA_S54_L004,hBFA1
CTCGCAAGTGCAAATCTGTTTTAGTTTCCTAAACGGAATTTTTTCTTCACCT,FLC_R2_clones_1N_P1-E7-GTAGAGAG-AAGGAGTA_S55_L004,hBFA1;hBFA2
TTGTCAACCTTAAATGTATTTATATTTTTGAAAAGAATTTGTCGTTTTTGTC,FLC_R2_clones_1N_P1-F10-TCCTCTAC-CTAAGCCT_S70_L004,hBFA1
TCAGAAAGTGGAAAGGAGCTTTAGAATCCTAAACGGAATTTTTTCTTCACCT,FLC_R2_clones_1N_P1-F12-CCTGAGAT-CTAAGCCT_S72_L004,hBFA1
TCAACAATTAGCAACGCCCTTCATTATCCTAAACGGAATTTTTTCTTCACCT,FLC_R2_clones_1N_P1-F2-CTAGTACG-CTAAGCCT_S62_L004,hBFA1
ACCTGAAGCCGTAACCCGGTTTCGTGTTTGAAAAGAATTTGTCGTTTTTGTC,FLC_R2_clones_1N_P1-F3-TTCTGCCT-CTAAGCCT_S63_L004,hBFA1;hBFA2
ATTAAAAAATGAAAGTCTGTTCAATGGAATCAATCAAGTTTCTGTTTCACTC,FLC_R2_clones_1N_P1-F4-GCTCAGGA-CTAAGCCT_S64_L004,hBFA1
GAGACAATATGGAACGGTGTTTGTCGTCCTAAACGGAATTTTTTCTTCACCT,FLC_R2_clones_1N_P1-F7-GTAGAGAG-CTAAGCCT_S67_L004,hBFA1
TCTTCAAGCAGAAACGATCTTCCGTATTTGAAAAGAATTTGTCGTTTTTGTC,FLC_R2_clones_1N_P1-G12-CCTGAGAT-CGTCTAAT_S84_L004,hBFA1
CAGGGAACTTGTAAGTCTGTTAGGAATTTGAAAAGAATTTGTCGTTTTTGTC,FLC_R2_clones_1N_P1-G5-AGGAGTCC-CGTCTAAT_S77_L004,hBFA1
AACGAAAATTTCAAAACTATTGATCTTCCTAAACGGAATTTTTTCTTCACCT,FLC_R2_clones_1N_P1-G6-CATGCCTA-CGTCTAAT_S78_L004,hBFA1;hBFA2
ACAAAAAGATATAACAAGCTTGAAGACCCGAAAAAGTTTTTTATCTTCAATG,FLC_R2_clones_1N_P1-G7-GTAGAGAG-CGTCTAAT_S79_L004,hBFA1;hBFA2
CTGAGAAGATTAAACACCTTTAGGATTCCTAAACGGAATTTTTTCTTCACCT,FLC_R2_clones_1N_P1-G9-TGCCTCTT-CGTCTAAT_S81_L004,hBFA1
CTGGGAATACATAACACACTTAGATATCCTAAACGGAATTTTTTCTTCACCT,FLC_R2_clones_1N_P1-H1-TCGCCTTA-TCTCTCCG_S85_L004,hBFA1
ATTAAAAAATGAAAGTCTGTTCAATGGAATCAATCAAGTTTCTGTTTCACTC,FLC_R2_clones_1N_P1-H4-GCTCAGGA-TCTCTCCG_S88_L004,hBFA1
CATGCAAATGTAAACAACGTTGAACTTTTGAAAAGAATTTGTCGTTTTTGTC,FLC_R2_clones_1N_P1-H8-CAGCCTCG-TCTCTCCG_S92_L004,hBFA1;hBFA2
AATAGAACATGGAAATAACTTATTTTGTATAAACATTTTTTATACTTATTTA,FLC_R2_clones_1N_P2-A1-TCGCCTTA-CTCTCTAT_S1_L005,hBFA1
TACAAAAATTCTAACGTCCTTAGCTTTCCTAAACGGAATTTTTTCTTCACCT,FLC_R2_clones_1N_P2-A10-TCCTCTAC-CTCTCTAT_S10_L005,hBFA1
TATCTAACTATAAAGGAATTTTCAGGTCCTAAACGGAATTTTTTCTTCACCT,FLC_R2_clones_1N_P2-A11-TCATGAGC-CTCTCTAT_S11_L005,hBFA1
GAAGCAATTAGGAAGACTTTTAACACTCCTAAACGGAATTTTTTCTTCACCT,FLC_R2_clones_1N_P2-A12-CCTGAGAT-CTCTCTAT_S12_L005,hBFA1
CCGTGCAAGATCGAAGAAGGTTCAGACGTATAAACATTTTTTATACTTATTTA,FLC_R2_clones_1N_P2-A2-CTAGTACG-CTCTCTAT_S2_L005,hBFA1
ACAGGAATGACCAATTATCTTTAACTTTTGAAAAGAATTTGTCGTTTTTGTC,FLC_R2_clones_1N_P2-A3-TTCTGCCT-CTCTCTAT_S3_L005,hBFA1
AAATAAAGAGGGAAAAGTTTTGAGGCTCCTAAACGGAATTTTTTCTTCACCT,FLC_R2_clones_1N_P2-A4-GCTCAGGA-CTCTCTAT_S4_L005,hBFA1
CGTTAAACACATAAGTATTTTGTCTTTCCTAAACGGAATTTTTTCTTCACCT,FLC_R2_clones_1N_P2-A5-AGGAGTCC-CTCTCTAT_S5_L005,hBFA1
ATTAAAAATTTGAAACGGCTTTGGTTTTTGAAAAGAATTTGTCGTTTTTGTC,FLC_R2_clones_1N_P2-A6-CATGCCTA-CTCTCTAT_S6_L005,hBFA1
ACTTCAACATTTAACCACGTTAGTGCTTTGAAAAGAATTTGTCGTTTTTGTC,FLC_R2_clones_1N_P2-A7-GTAGAGAG-CTCTCTAT_S7_L005,hBFA1
GTCCCAACTCGGAAAACACTTCGCAGTTTGAAAAGAATTTGTCGTTTTTGTC,FLC_R2_clones_1N_P2-A9-TGCCTCTT-CTCTCTAT_S9_L005,hBFA1
GCTATAAGAATAAACCACTTTTAGCCTCCTAAACGGAATTTTTTCTTCACCT,FLC_R2_clones_1N_P2-B10-TCCTCTAC-TATCCTCT_S22_L005,hBFA1
TGAAGAATATATAATATGTTTAACGTTTTGAAAAGAATTTGTCGTTTTTGTC,FLC_R2_clones_1N_P2-B11-TCATGAGC-TATCCTCT_S23_L005,hBFA1
TTATGAATTCGGAAAACTGTTCTTGATCCTAAACGGAATTTTTTCTTCACCT,FLC_R2_clones_1N_P2-B12-CCTGAGAT-TATCCTCT_S24_L005,hBFA1
ACAAAAAGATATAACAAGCTTGAAGACCCGAAAAAGTTTTTTATCTTCAATG,FLC_R2_clones_1N_P2-B5-AGGAGTCC-TATCCTCT_S17_L005,hBFA1;hBFA2
ACAAAAAGATATAACAAGCTTGAAGACCCGAAAAAGTTTTTTATCTTCAATG,FLC_R2_clones_1N_P2-B6-CATGCCTA-TATCCTCT_S18_L005,hBFA1;hBFA2
AAATAAATCCCGAACCGTTTTCGTATTCCTAAACGGAATTTTTTCTTCACCT,FLC_R2_clones_1N_P2-C1-TCGCCTTA-GTAAGGAG_S25_L005,hBFA1
AACGAAAATTTCAAAACTATTGATCTTCCTAAACGGAATTTTTTCTTCACCT,FLC_R2_clones_1N_P2-C10-TCCTCTAC-GTAAGGAG_S34_L005,hBFA1;hBFA2
TGAATAACCATTAAATTGTTTTTCTAATTTGAAAAGAATTTGTCGTTTTTGTC,FLC_R2_clones_1N_P2-C3-TTCTGCCT-GTAAGGAG_S27_L005,hBFA1
AAGCTAATGTGAAAATCGTTTCTAAATCCTAAACGGAATTTTTTCTTCACCT,FLC_R2_clones_1N_P2-C4-GCTCAGGA-GTAAGGAG_S28_L005,hBFA1
AACCTAAGCTTCAATATAATTTCCCTTCCTAAACGGAATTTTTTCTTCACCT,FLC_R2_clones_1N_P2-C5-AGGAGTCC-GTAAGGAG_S29_L005,hBFA1;hBFA2
TGGGGAAGGACGAAGTGGTTTCAATTTTTGAAAAGAATTTGTCGTTTTTGTC,FLC_R2_clones_1N_P2-C6-CATGCCTA-GTAAGGAG_S30_L005,hBFA1
AACTGAAGATAGAACGGTTTTGATTGTTTGAAAAGAATTTGTCGTTTTTGTC,FLC_R2_clones_1N_P2-C8-CAGCCTCG-GTAAGGAG_S32_L005,hBFA1
GAAAAAAAACTCAAATAAATTTTATTTCCTAAACGGAATTTTTTCTTCACCT,FLC_R2_clones_1N_P2-D10-TCCTCTAC-ACTGCATA_S46_L005,hBFA1
ATTTAAACATTAAATAGTTTTATATGTTTGAAAAGAATTTGTCGTTTTTGTC,FLC_R2_clones_1N_P2-D12-CCTGAGAT-ACTGCATA_S48_L005,hBFA1
TCTTCAATCTTGAATAATATTTAGACTCCTAAACGGAATTTTTTCTTCACCT,FLC_R2_clones_1N_P2-D3-TTCTGCCT-ACTGCATA_S39_L005,hBFA1
AAAGTAAAATCTAAGAATTTTTTTTCTCCTAAACGGAATTTTTTCTTCACCT,FLC_R2_clones_1N_P2-D5-AGGAGTCC-ACTGCATA_S41_L005,hBFA1
ACAAAAAGATATAACAAGCTTGAAGACCCGAAAAAGTTTTTTATCTTCAATG,FLC_R2_clones_1N_P2-D6-CATGCCTA-ACTGCATA_S42_L005,hBFA1;hBFA2
CCAACAATGATCAAGTTTATTAAGACTCATTAAATAAATTGGTCATTTCTAA,FLC_R2_clones_1N_P2-D9-TGCCTCTT-ACTGCATA_S45_L005,hBFA1
TCGTAAACTTGTAACGGTGTTCGGTGTCCTAAACGGAATTTTTTCTTCACCT,FLC_R2_clones_1N_P2-E1-TCGCCTTA-AAGGAGTA_S49_L005,hBFA1
ACGTAAAGCGTCAAATTAGTTTCTTGTTTGAAAAGAATTTGTCGTTTTTGTC,FLC_R2_clones_1N_P2-E2-CTAGTACG-AAGGAGTA_S50_L005,hBFA1
AGCTTAATAAAAAATAACATTGATGCTCCTAAACGGAATTTTTTCTTCACCT,FLC_R2_clones_1N_P2-E3-TTCTGCCT-AAGGAGTA_S51_L005,hBFA1
CGGCTAAACCTCAATTCGATTCTGTGTCCTAAACGGAATTTTTTCTTCACCT,FLC_R2_clones_1N_P2-E5-AGGAGTCC-AAGGAGTA_S53_L005,hBFA1
GACAAAAGCTCTAAAAGTATTTTTTTTTTGAAAAGAATTTGTCGTTTTTGTC,FLC_R2_clones_1N_P2-F1-TCGCCTTA-CTAAGCCT_S61_L005,hBFA1
AATTGAAGTACGAAGATAATTTGAATGTATAAACATTTTTTATACTTATTTA,FLC_R2_clones_1N_P2-F12-CCTGAGAT-CTAAGCCT_S72_L005,hBFA1
TGGACAACTTACAAATTTGTTTCTGATCCTAAACGGAATTTTTTCTTCACCT,FLC_R2_clones_1N_P2-F4-GCTCAGGA-CTAAGCCT_S64_L005,hBFA1
TATCAAAATGGGAATTACTTTGGAGCTTTGAAAAGAATTTGTCGTTTTTGTC,FLC_R2_clones_1N_P2-F6-CATGCCTA-CTAAGCCT_S66_L005,hBFA1
AGTAAAACATTTAAAACATTTGATTGTCCTAAACGGAATTTTTTCTTCACCT,FLC_R2_clones_1N_P2-F9-TGCCTCTT-CTAAGCCT_S69_L005,hBFA1
TCGTAAACTTGTAACGGTGTTCGGTGTCCTAAACGGAATTTTTTCTTCACCT,FLC_R2_clones_1N_P2-G1-TCGCCTTA-CGTCTAAT_S73_L005,hBFA1
GCGCCAACCGCTAATTTCCTTTGTAGTTTGAAAAGAATTTGTCGTTTTTGTC,FLC_R2_clones_1N_P2-G10-TCCTCTAC-CGTCTAAT_S82_L005,hBFA1
ATTAAAAAATGAAAGTCTGTTCAATGGAATCAATCAAGTTTCTGTTTCACTC,FLC_R2_clones_1N_P2-G11-TCATGAGC-CGTCTAAT_S83_L005,hBFA1
TTGGTAACAAGTAACACCTTTGACTTTCCTAAACGGAATTTTTTCTTCACCT,FLC_R2_clones_1N_P2-G12-CCTGAGAT-CGTCTAAT_S84_L005,hBFA1
AACGTAAGTTTTAACCTTGTTGTAGATTTGAAAAGAATTTGTCGTTTTTGTC,FLC_R2_clones_1N_P2-G2-CTAGTACG-CGTCTAAT_S74_L005,hBFA1
TCTGAAAACAGAAACCATTTTAGGTGTCCTAAACGGAATTTTTTCTTCACCT,FLC_R2_clones_1N_P2-G3-TTCTGCCT-CGTCTAAT_S75_L005,hBFA1
CAGAGAAACGGCAAAGGCGTTGGGGGTTTGAAAAGAATTTGTCGTTTTTGTC,FLC_R2_clones_1N_P2-G4-GCTCAGGA-CGTCTAAT_S76_L005,hBFA1
CTCGCAAGTGCAAATCTGTTTTAGTTTCCTAAACGGAATTTTTTCTTCACCT,FLC_R2_clones_1N_P2-G5-AGGAGTCC-CGTCTAAT_S77_L005,hBFA1;hBFA2
ACTTCAACATTTAACCACGTTAGTGCTTTGAAAAGAATTTGTCGTTTTTGTC,FLC_R2_clones_1N_P2-G6-CATGCCTA-CGTCTAAT_S78_L005,hBFA1
ACAAAAAGATATAACAAGCTTGAAGACCCGAAAAAGTTTTTTATCTTCAATG,FLC_R2_clones_1N_P2-G8-CAGCCTCG-CGTCTAAT_S80_L005,hBFA1;hBFA2
TTAGTAAACCCGAAGCCGCTTTATTATCCTAAACGGAATTTTTTCTTCACCT,FLC_R2_clones_1N_P2-H11-TCATGAGC-TCTCTCCG_S95_L005,hBFA1
CGCTCAACTTATAACCCCTTTAAACTTTTGAAAAGAATTTGTCGTTTTTGTC,FLC_R2_clones_1N_P2-H4-GCTCAGGA-TCTCTCCG_S88_L005,hBFA1
ACAAAAAGATATAACAAGCTTGAAGACCCGAAAAAGTTTTTTATCTTCAATG,FLC_R2_clones_1N_P2-H5-AGGAGTCC-TCTCTCCG_S89_L005,hBFA1;hBFA2
GTCATAATTTCGAAGGAACTTGAAAGTTTGAAAAGAATTTGTCGTTTTTGTC,FLC_R2_clones_1N_P2-H9-TGCCTCTT-TCTCTCCG_S93_L005,hBFA1
TTGGCAACGGCGAATATGGTTCGTCTGGTAAAACCAGATTTGGCATTCACTA,GlyEtOH_1N_GE_1_A04_all,hBFA1
GACCCAATTAGTAACGGCGTTCGGGGAATAGAATCATCTTACTTCTTATTAC,GlyEtOH_1N_GE_1_A05_all,hBFA1
AACCAAAACCGGAACTTGGTTGGTCGGCCGAAACAGGGTTGCGGGTTGGAGG,GlyEtOH_1N_GE_1_A06_all,hBFA1
AATCGAATAATGAAAGGGATTGCGCAATTTGAAGCTTGTTATGTATTTGCGT,GlyEtOH_1N_GE_1_A07_all,hBFA1
AGGGGAAGTGGTAAGTTCGTTGGAGCGCCGAAACAGGGTTGCGGGTTGGAGG,GlyEtOH_1N_GE_1_A09_all,hBFA1;hBFA2
CGGCCAACTCTCAATGTGGTTCGATAATCACAATATGTTTACGTATTGTCCT,GlyEtOH_2N_20170616_Gly-A1-TAAGGCGA-ATAGAGAG_S1,dBFA2;hBFA2
CATCAAAATAAAAATAGATTTTAGTCAATAGAATCATCTTACTTCTTATTAC,GlyEtOH_1N_GE_1_A11_TAAGGCGA-ATCGCGCC,hBFA1
CAGAAAAATAGAAAATTATTTCGGTAAATAGAATCATCTTACTTCTTATTAC,GlyEtOH_1N_GE_1_B12_all,hBFA1
GGGCAAAAGCTTAATCAAATTGCACGAATAGAATCATCTTACTTCTTATTAC,GlyEtOH_1N_GE_1_A12_all,hBFA1
TAATGAATTGCGAAATAGGTTACTCGAGGAGAACGGGGTTGGGGGTTGGGGG,GlyEtOH_1N_GE_1_C01_all,hBFA1
GTGATAAGGGGTAAACTTTTTCGTGCGGTAAAACCAGATTTGGCATTCACTA,GlyEtOH_1N_GE_1_B01_all,hBFA1;hBFA2
CACGGAATTAGTAATAGCGTTATTTTGGTAAAACCAGATTTGGCATTCACTA,GlyEtOH_1N_GE_1_C02_all,hBFA1;hBFA2
GTAGTAACAATAAATACTTTTTGCCAATTTGAAGCTTGTTATGTATTTGCGT,GlyEtOH_1N_GE_1_B02_all,hBFA1
TAAACAAAGCCGAATTGTATTGGGCGAATAGAATCATCTTACTTCTTATTAC,GlyEtOH_1N_GE_1_C03_all,hBFA1
ATTTAAAGCTATAAGAGGATTAAGATCGATCAACAGTGTTGCGCTTTATACG,GlyEtOH_1N_GE_1_B03_all,hBFA1;hBFA2
TAGTGAATTGAAAACGCGTTTGGGGTAGGAGAACGGGGTTGGGGGTTGGGGG,GlyEtOH_1N_GE_1_C04_all,hBFA1
GTCATAATTTTTAAAATAATTAAACCAATAGAATCATCTTACTTCTTATTAC,GlyEtOH_1N_GE_1_C11_all,hBFA1
CTATCAATAAGTAAACATCTTGATCCGCCGAAACAGGGTTGCGGGTTGGAGG,GlyEtOH_1N_GE_1_B05_all,hBFA1;hBFA2
CAGGTAAGACCAAATGCGTTTTAATAGGTAAAACCAGATTTGGCATTCACTA,GlyEtOH_1N_GE_1_D01_all,hBFA1;hBFA2
AGAGCAAACAAGAAGAATCTTAGATTAGGAGAACGGGGTTGGGGGTTGGGGG,GlyEtOH_1N_GE_1_B06_all,hBFA1
AATACAACAGCAAATCCTGTTTAAGTAATAGAATCATCTTACTTCTTATTAC,GlyEtOH_1N_GE_1_D02_all,hBFA1
GCCGCAAAATGGAAGAGCTTTCGCCGAATAGAATCATCTTACTTCTTATTAC,GlyEtOH_1N_GE_1_B07_all,hBFA1;hBFA2
CCACAAACCCTCAATGGGTTTGATATGGTAAAACCAGATTTGGCATTCACTA,GlyEtOH_1N_GE_1_D03_all,hBFA1
GATCAAAATCAAAATAAGGTTTACAGGGTAAAACCAGATTTGGCATTCACTA,GlyEtOH_1N_GE_1_B08_all,hBFA1
CCTAAAATACAGAAAACCTTTTTGCAGGTAAAACCAGATTTGGCATTCACTA,GlyEtOH_1N_GE_1_D04_all,hBFA1;hBFA2
TTCTTAAACAAAAATACTGTTTACTTAATAGAATCATCTTACTTCTTATTAC,GlyEtOH_1N_GE_1_B09_all,hBFA1
TAGAGAAACAGTAAGAAGCTTTTTAAATTTGAAGCTTGTTATGTATTTGCGT,GlyEtOH_1N_GE_1_D05_all,hBFA1
ATTGTAAATAGAAAGAACGTTTTGTCAATAGAATCATCTTACTTCTTATTAC,GlyEtOH_1N_GE_1_C05_AGGCAGAA-GTCATTGA,hBFA1
CACTTAATCAAGAATCTTTTTTTTCAATTTGAAGCTTGTTATGTATTTGCGT,GlyEtOH_1N_GE_1_C06_AGGCAGAA-GCATCGTT,hBFA1
TGTAGAAGGGGTAACGGCCTTAGACCAATAGAATCATCTTACTTCTTATTAC,GlyEtOH_1N_GE_1_C08_AGGCAGAA-TGAAACTG,hBFA1
CTGCAAATCGTCAATGCAATTGATTGGGTAAAACCAGATTTGGCATTCACTA,GlyEtOH_1N_GE_1_D06_TCCTGAGC-GCATCGTT,hBFA1;hBFA2
ATAGAAAATTTCAATGGGATTATGCTAATAGAATCATCTTACTTCTTATTAC,GlyEtOH_1N_GE_1_D07_all,hBFA1
TGACTAATGATAAAGTTAGTTCCGCCGCCGAAACAGGGTTGCGGGTTGGAGG,GlyEtOH_1N_GE_1_D08_all,hBFA1
ATAAAAATCAGTAAATGCTTTACCCGGGTAAAACCAGATTTGGCATTCACTA,GlyEtOH_1N_GE_1_D09_all,hBFA1;hBFA2
TATTTAATGTCTAAAGATATTGGCGAAATAGAATCATCTTACTTCTTATTAC,GlyEtOH_1N_GE_1_D11_all,hBFA1
TAAAAAACAACGAACGGTGTTTTAGTGATTAAAGCCTGTTGCATTTTAGTCG,GlyEtOH_1N_GE_1_E01_all,hBFA1
TCACGAACTCGAAAGACAATTATAAAAATAGAATCATCTTACTTCTTATTAC,GlyEtOH_1N_GE_1_E03_all,hBFA1
CAAGAAAACTCAAAACGTCTTAGCAGGTACGAAGCGGGTTGAGGATTGGGGG,GlyEtOH_1N_GE_1_E04_GGACTCCT-TATAGACG,hBFA1
AGTGCAATTATCAATATATTTTGCCCAATAGAATCATCTTACTTCTTATTAC,GlyEtOH_1N_GE_1_E05_GGACTCCT-GTCATTGA,hBFA1
CCGATAACGTTAAAGTTGTTTTGTTGGCTTTAACAGATTTTCCTTTTTCTGC,GlyEtOH_1N_GE_1_E06_GGACTCCT-GCATCGTT,hBFA1
TGTATAACCTGCAATTACTTTCATGAGGTAAAACCAGATTTGGCATTCACTA,GlyEtOH_1N_GE_1_E07_all,hBFA1;hBFA2
AGAGAAAGCTCAAACGGTTTTTGTGTGGTAAAACCAGATTTGGCATTCACTA,GlyEtOH_1N_GE_1_E08_GGACTCCT-TGAAACTG,hBFA1;hBFA2
CTGAAAACGAGCAACGTAATTCTTAAAATAGAATCATCTTACTTCTTATTAC,GlyEtOH_1N_GE_1_E09_GGACTCCT-CAATCACA,hBFA1
TACAGAATTAACAACTGATTTTTACAGGTAAAACCAGATTTGGCATTCACTA,GlyEtOH_1N_GE_1_E11_all,hBFA1;hBFA2
TCGCTAAATACTAAATGAGTTTGCTTAATAGAATCATCTTACTTCTTATTAC,GlyEtOH_1N_GE_1_E12_all,hBFA1
CCAATAAAACTGAACTCGTTTACCAGAATAGAATCATCTTACTTCTTATTAC,GlyEtOH_1N_GE_1_F01_all,hBFA1
CCATCAATTTGTAAGCATCTTAGATAGCCGAAACAGGGTTGCGGGTTGGAGG,GlyEtOH_1N_GE_1_F05_TAGGCATG-GTCATTGA,hBFA1
CGGTAAACAGTGAATCATGTTTCTTAAATAGAATCATCTTACTTCTTATTAC,GlyEtOH_1N_GE_1_F06_TAGGCATG-GCATCGTT,hBFA1
AAGTAAATCAAGAACGTCATTAAGCTGCCGAAACAGGGTTGCGGGTTGGAGG,GlyEtOH_1N_GE_1_F07_TAGGCATG-AGGTTGAC,hBFA1
TGCAAAAACTCAAAACTTGTTGCAGTAATAGAATCATCTTACTTCTTATTAC,GlyEtOH_1N_GE_1_F08_TAGGCATG-TGAAACTG,hBFA1
AAAACAACAGTCAAAGTAATTCTATAGCCGAAACAGGGTTGCGGGTTGGAGG,GlyEtOH_1N_GE_1_F09_TAGGCATG-CAATCACA,hBFA1
CACAAAATCTATAAACGAATTTAGTGAATAGAATCATCTTACTTCTTATTAC,GlyEtOH_1N_GE_1_G01_all,hBFA1
TGCTCAAAATGCAAGCATTTTAGTGGGCCGAAACAGGGTTGCGGGTTGGAGG,GlyEtOH_1N_GE_1_G02_all,hBFA1
GTTAAAAAGGCGAAAGAAATTACAACAATAGAATCATCTTACTTCTTATTAC,GlyEtOH_1N_GE_1_G03_all,hBFA1
GCCAAAAGAATAAAGCACTTTATCTCGCCGAAACAGGGTTGCGGGTTGGAGG,GlyEtOH_1N_GE_1_G04_all,hBFA1
TCCAAAATATGTAATAGGGTTTTTACAATAGAATCATCTTACTTCTTATTAC,GlyEtOH_1N_GE_1_G05_CTCTCTAC-GTCATTGA,hBFA1
ATACTAACCCCAAAAAGGCTTATAGTATTTGAAGCTTGTTATGTATTTGCGT,GlyEtOH_1N_GE_1_G06_CTCTCTAC-GCATCGTT,hBFA1
GGCTCAAGTGAAAATACTATTAGCGCGCCGAAACAGGGTTGCGGGTTGGAGG,GlyEtOH_1N_GE_1_G07_all,hBFA1
TCAAAAATTTACAAACGAATTGCTAGGCTTTAACAGATTTTCCTTTTTCTGC,GlyEtOH_1N_GE_1_G08_CTCTCTAC-TGAAACTG,hBFA1
AAAATAAAGTTGAATGTTATTCTCCGAATAGAATCATCTTACTTCTTATTAC,GlyEtOH_1N_GE_1_G09_CTCTCTAC-CAATCACA,hBFA1
ATTAGAAGAAATAAGCCTCTTAGCTGGGTAAAACCAGATTTGGCATTCACTA,GlyEtOH_1N_GE_1_G10_all,hBFA1;hBFA2
CATCAAAGTACCAAACATGTTCCTCAAATAGAATCATCTTACTTCTTATTAC,GlyEtOH_1N_GE_1_G12_CTCTCTAC-TCGGTTAA,hBFA1
GAATAAAGTCTAAACAGTTTTATCTGAATAGAATCATCTTACTTCTTATTAC,GlyEtOH_1N_GE_1_H01_all,hBFA1
ATAGAAATTCGGAAGCCAGTTGAAAGAATAGAATCATCTTACTTCTTATTAC,GlyEtOH_1N_GE_1_H02_all,hBFA1
AACAAAATCAGTAACAAAGTTGCAAAAATAGAATCATCTTACTTCTTATTAC,GlyEtOH_1N_GE_1_H03_all,hBFA1
ATGTGAAATAGAAATGTGCTTCAATCAATAGAATCATCTTACTTCTTATTAC,GlyEtOH_1N_GE_1_H04_all,hBFA1
TTTCCAAACTGTAATTATATTCCACAAATAGAATCATCTTACTTCTTATTAC,GlyEtOH_1N_GE_1_H05_all,hBFA1
AGTTGAACCAAAAACATTATTGTATAGCCGAAACAGGGTTGCGGGTTGGAGG,GlyEtOH_1N_GE_1_H07_all,hBFA1
ATGGGAAGCACTAAGAGTGTTGCTGTAATAGAATCATCTTACTTCTTATTAC,GlyEtOH_1N_GE_1_H08_CAGAGAGG-TGAAACTG,hBFA1
TTTATAAATCTAAATGCTATTCTGCGCGATCAACAGTGTTGCGCTTTATACG,GlyEtOH_1N_GE_1_H09_CAGAGAGG-CAATCACA,hBFA1
GATCAAAAGTTCAATTTGTTTGTACAAATAGAATCATCTTACTTCTTATTAC,GlyEtOH_1N_GE_1_H11_all,hBFA1
TTCGGAACTTGAAAGGTCTTTGATTTAATAGAATCATCTTACTTCTTATTAC,GlyEtOH_1N_GE_2_A01_all,hBFA1
AGAACAATGTGTAACAATTTTATTTCGCCGAAACAGGGTTGCGGGTTGGAGG,GlyEtOH_1N_GE_2_A02_all,hBFA1
AGAATAAGCGTAAAAGAGATTTTACCGTACGAAGCGGGTTGAGGATTGGGGG,GlyEtOH_1N_GE_2_A03_all,hBFA1
AAATGAAGCGATAAGTCTATTAATGTGCCGAAACAGGGTTGCGGGTTGGAGG,GlyEtOH_1N_GE_2_A04_all,hBFA1
CCAAAAATATTAAATTGATTTGACAAAATAGAATCATCTTACTTCTTATTAC,GlyEtOH_1N_GE_2_A05_all,hBFA1
AGTGCAATTATCAATATATTTTGCCCAATAGAATCATCTTACTTCTTATTAC,GlyEtOH_1N_GE_2_A06_all,hBFA1
ATGAGAATTACAAACCTGGTTACGGACGATCAACAGTGTTGCGCTTTATACG,GlyEtOH_1N_GE_2_A07_all,hBFA1
GAGGTAAATGGGAAGCAATTTTGGATAGGAGAACGGGGTTGGGGGTTGGGGG,GlyEtOH_1N_GE_2_A08_all,hBFA1
AGATAAATCTGTAAGGGACTTTAAATAAGGAAACACGTTTGATCGTTCATGT,GlyEtOH_1N_GE_2_A09_all,hBFA1;hBFA2
GTTAGAATCGAAAAGCTTTTTTGAAAGGTAAAACCAGATTTGGCATTCACTA,GlyEtOH_1N_GE_2_A10_all,hBFA1
CTATGAAGAACGAATTAGTTTTTTAAGCCGAAACAGGGTTGCGGGTTGGAGG,GlyEtOH_1N_GE_2_A11_all,hBFA1
CCTTGAAGCTCTAAACTGCTTAAGATGCTTTAACAGATTTTCCTTTTTCTGC,GlyEtOH_1N_GE_2_B01_all,hBFA1;hBFA2
TACCAAATAGGGAATGTTTTTTATTCAATAGAATCATCTTACTTCTTATTAC,GlyEtOH_1N_GE_2_B02_all,hBFA1
GATAAAAAGACAAATGCGATTTAGGGAATAGAATCATCTTACTTCTTATTAC,GlyEtOH_1N_GE_2_B03_CGAGGCTG-GATGACGG,hBFA1
GCGTAAATTGCGAATGTCTTTAAGTTGCCGAAACAGGGTTGCGGGTTGGAGG,GlyEtOH_1N_GE_2_B04_CGAGGCTG-TATAGACG,hBFA1
AAACGAACCAGTAAATTTCTTGATCCAATAGAATCATCTTACTTCTTATTAC,GlyEtOH_1N_GE_2_B05_all,hBFA1;hBFA2
ATCGGAAGCAAAAACTTTTTTTTACCCACTAAAATTTGTTTGACTTTATTTA,GlyEtOH_1N_GE_2_B06_all,hBFA1
CTAAAAAAAAAAAATGATATTCCAGAAATAGAATCATCTTACTTCTTATTAC,GlyEtOH_1N_GE_2_B07_all,hBFA1
GAATAAAGAACTAAAAACATTTTGATAATAGAATCATCTTACTTCTTATTAC,GlyEtOH_1N_GE_2_B08_CGAGGCTG-TGAAACTG,hBFA1
AACAAAACAGATAAGCCATTTAATGGGGTAAAACCAGATTTGGCATTCACTA,GlyEtOH_1N_rGE-1-B10_S186,hBFA1
GGATGAAACAACAACCTTTTTTAGCCGGTAAAACCAGATTTGGCATTCACTA,GlyEtOH_1N_rGE-1-C10_S187,hBFA1
TCGGAAAACCAGAAGTGCGTTAGGCGAATAGAATCATCTTACTTCTTATTAC,GlyEtOH_1N_rGE-1-D10_S188,hBFA1
TAAGGAATCTGCAAAAGATTTGGAGCAGGAGAACGGGGTTGGGGGTTGGGGG,GlyEtOH_1N_rGE-1-E10_S189,hBFA1;hBFA2
CTGTGAAAAGCGAACTTTGTTATATAGCCGAAACAGGGTTGCGGGTTGGAGG,GlyEtOH_1N_rGE-1-F10_S190,hBFA1
ATTAGAAGAAATAAGCCTCTTAGCTGGGTAAAACCAGATTTGGCATTCACTA,GlyEtOH_1N_rGE-1-G10_S191,hBFA1;hBFA2
ATGTCAAAATGAAACTTAGTTACTGTGCCGAAACAGGGTTGCGGGTTGGAGG,GlyEtOH_1N_rGE-1-H10_S192,hBFA1
GCGGAAAGGAGGAAATCTGTTGGGCTCCTCAAAGCAAATTGTTTGTTTACGT,GlyEtOH_2N_20170616_Gly-A11-GCTCATGA-ATAGAGAG_S11,dBFA2;hBFA2
AATCTAACGATTAATTACATTTCGGAAACGTAAATCCATTTCCCATTGATCC,GlyEtOH_2N_20170616_Gly-A10-GTAGAGGA-ATAGAGAG_S10,hBFA2
TTCCCAAAATGCAACGGAATTGACACGGGACAAGTGGGTTGGAGGTTGGGGG,GlyEtOH_2N_20170616_Gly-A12-ATCTCAGG-ATAGAGAG_S12,dBFA2;hBFA2
GACGGAAGAGTGAAGTCAGTTCGACAAACGTAAATCCATTTCCCATTGATCC,GlyEtOH_2N_20170616_Gly-A2-CGTACTAG-ATAGAGAG_S2,hBFA2
TGACAAACCTGAAACAACGTTTAGATCATTTAATAGTGTTTGCGTTTAATCT,GlyEtOH_2N_20170616_Gly-A3-AGGCAGAA-ATAGAGAG_S3,hBFA2
GGGTTAATCTGCAACCCTGTTCGCACCATTTAATAGTGTTTGCGTTTAATCT,GlyEtOH_2N_20170616_Gly-A4-TCCTGAGC-ATAGAGAG_S4,hBFA2
CGACAAAGCGTGAAGGAAATTAGTGTGGGACAAGTGGGTTGGAGGTTGGGGG,GlyEtOH_2N_20170616_Gly-A5-GGACTCCT-ATAGAGAG_S5,hBFA2
ATCGCAATGTTAAATATTGTTATGTACATTTAATAGTGTTTGCGTTTAATCT,GlyEtOH_2N_20170616_Gly-A6-TAGGCATG-ATAGAGAG_S6,hBFA2
ATCAGAACAAATAAAGACTTTAGCGACATTTAATAGTGTTTGCGTTTAATCT,GlyEtOH_2N_20170616_Gly-A7-CTCTCTAC-ATAGAGAG_S7,dBFA2;hBFA2
TAAGGAATCTCTAATCGAGTTACAGTAACGTAAATCCATTTCCCATTGATCC,GlyEtOH_2N_20170616_Gly-A9-AAGAGGCA-ATAGAGAG_S9,hBFA2
ATAAGAAAATTAAATCCCTTTTATTGCGAATAATCAAGTTTATTGTTTAATT,GlyEtOH_2N_20170616_Gly-B1-TAAGGCGA-AGAGGATA_S13,hBFA2
TCATAAAGTGTCAAATCTATTGAGATTACATAAAAAGTTTAACGATTTCATC,GlyEtOH_2N_20170616_Gly-B10-GTAGAGGA-AGAGGATA_S22,hBFA2
CCCTTAAAATAGAATCAGTTTTTATGTACATAAAAAGTTTAACGATTTCATC,GlyEtOH_2N_20170616_Gly-B11-GCTCATGA-AGAGGATA_S23,dBFA2;hBFA2
GGCCGAATGTGCAAAAGCGTTGGCCAGGGACAAGTGGGTTGGAGGTTGGGGG,GlyEtOH_2N_20170616_Gly-B12-ATCTCAGG-AGAGGATA_S24,hBFA2
TACAAAACATTAAAATCTTTTACATTGGGACAAGTGGGTTGGAGGTTGGGGG,GlyEtOH_2N_20170616_Gly-B2-CGTACTAG-AGAGGATA_S14,dBFA2;hBFA2
TCCTAAACGGTAAACTAATTTGGCTATGCGAAAGGATGTTAAGAGTTTTCGG,GlyEtOH_2N_20170616_Gly-B4-TCCTGAGC-AGAGGATA_S16,dBFA2;hBFA2
CAATGAAACTAAAAAGAATTTTTACGGGGACAAGTGGGTTGGAGGTTGGGGG,GlyEtOH_2N_20170616_Gly-B5-GGACTCCT-AGAGGATA_S17,hBFA2
TATTTAAACGACAAATTAGTTATTCTATCACAATATGTTTACGTATTGTCCT,GlyEtOH_2N_20170616_Gly-B6-TAGGCATG-AGAGGATA_S18,dBFA2;hBFA2
GTAACAATACGCAACGATATTCCAAGAACGTAAATCCATTTCCCATTGATCC,GlyEtOH_2N_20170616_Gly-B7-CTCTCTAC-AGAGGATA_S19,hBFA2
AATGAAAGTTTCAAATCCATTTGCATCATTTAATAGTGTTTGCGTTTAATCT,GlyEtOH_2N_20170616_Gly-B8-CGAGGCTG-AGAGGATA_S20,hBFA2
TTCTTAATCGATAATTACTTTGTATACATTTAATAGTGTTTGCGTTTAATCT,GlyEtOH_2N_20170616_Gly-B9-AAGAGGCA-AGAGGATA_S21,dBFA2;hBFA2
TTTAAAAACTATAACTACATTTGTCACCTCAAAGCAAATTGTTTGTTTACGT,GlyEtOH_2N_20170616_Gly-C1-TAAGGCGA-CTCCTTAC_S25,hBFA2
AAATTAATATTGAAATGTTTTGGATAGGGACAAGTGGGTTGGAGGTTGGGGG,GlyEtOH_2N_20170616_Gly-C10-GTAGAGGA-CTCCTTAC_S34,hBFA2
GACCCAAACCTTAACAGCATTCTTGTCGAATAATCAAGTTTATTGTTTAATT,GlyEtOH_2N_20170616_Gly-C11-GCTCATGA-CTCCTTAC_S35,hBFA2
CTAGTAAACCTAAAGTTTCTTGAGTGGGGACAAGTGGGTTGGAGGTTGGGGG,GlyEtOH_2N_20170616_Gly-C2-CGTACTAG-CTCCTTAC_S26,dBFA2;hBFA2
CGCCTAAAACCTAATATGCTTCGTTAAACGTAAATCCATTTCCCATTGATCC,GlyEtOH_2N_20170616_Gly-C3-AGGCAGAA-CTCCTTAC_S27,hBFA2
CTAAAAAGGAGGAAACGACTTATGGCCGAATAATCAAGTTTATTGTTTAATT,GlyEtOH_2N_20170616_Gly-C4-TCCTGAGC-CTCCTTAC_S28,hBFA2
GACATAATGACTAAAGTATTTCCCACGGGACAAGTGGGTTGGAGGTTGGGGG,GlyEtOH_2N_20170616_Gly-C5-GGACTCCT-CTCCTTAC_S29,hBFA2
TTTATAACTCCTAACTAAATTTGTTAGGGACAAGTGGGTTGGAGGTTGGGGG,GlyEtOH_2N_20170616_Gly-C6-TAGGCATG-CTCCTTAC_S30,dBFA2;hBFA2
ATAACAACGAGAAATTGAGTTTCTGACCTCAAAGCAAATTGTTTGTTTACGT,GlyEtOH_2N_20170616_Gly-C7-CTCTCTAC-CTCCTTAC_S31,dBFA2;hBFA2
ACACTAACCAGTAACTCACTTCAACTGGGACAAGTGGGTTGGAGGTTGGGGG,GlyEtOH_2N_20170616_Gly-C8-CGAGGCTG-CTCCTTAC_S32,hBFA2
GCATAAACCAGAAAGGCCTTTTCCAAACGTAAATCCATTTCCCATTGATCC,GlyEtOH_2N_20170616_Gly-C9-AAGAGGCA-CTCCTTAC_S33,hBFA2
TACTTAAAAGAGAACACTTTTTGCTGTACATAAAAAGTTTAACGATTTCATC,GlyEtOH_2N_20170616_Gly-D1-TAAGGCGA-TATGCAGT_S37,dBFA2;hBFA2
AATACAACTGGTAAGGTTATTCACAACATTTAATAGTGTTTGCGTTTAATCT,GlyEtOH_2N_20170616_Gly-D10-GTAGAGGA-TATGCAGT_S46,hBFA2
ACGAAAAATAACAATAATGTTTAGTGTACATAAAAAGTTTAACGATTTCATC,GlyEtOH_2N_20170616_Gly-D11-GCTCATGA-TATGCAGT_S47,dBFA2;hBFA2
CAAAGAAATACCAAGATGGTTATCAAGGGACAAGTGGGTTGGAGGTTGGGGG,GlyEtOH_2N_20170616_Gly-D2-CGTACTAG-TATGCAGT_S38,hBFA2
AAACTAATCTGCAACGACATTCGGTCCGAATAATCAAGTTTATTGTTTAATT,GlyEtOH_2N_20170616_Gly-D3-AGGCAGAA-TATGCAGT_S39,dBFA2;hBFA2
TAGAAAAACAGGAAACGCCTTCGAAAAACGTAAATCCATTTCCCATTGATCC,GlyEtOH_2N_20170616_Gly-D5-GGACTCCT-TATGCAGT_S41,hBFA2
CGATTAAAATAGAAGGCTTTTATCTCTGCGAAAGGATGTTAAGAGTTTTCGG,GlyEtOH_2N_20170616_Gly-D6-TAGGCATG-TATGCAGT_S42,dBFA2;hBFA2
CATCGAACCGATAAGTAATTTAGCGAGGGACAAGTGGGTTGGAGGTTGGGGG,GlyEtOH_2N_20170616_Gly-D7-CTCTCTAC-TATGCAGT_S43,hBFA2
GCGTAAATTTTCAATTAAGTTTTTTTCCATTTAATAGTGTTTGCGTTTAATCT,GlyEtOH_2N_20170616_Gly-D8-CGAGGCTG-TATGCAGT_S44,hBFA2
TAGACAAGTCTCAAGGTTGTTAATACCATTTAATAGTGTTTGCGTTTAATCT,GlyEtOH_2N_20170616_Gly-E1-TAAGGCGA-TACTCCTT_S49,hBFA2
TAACCAACAACTAACTTGTTTCTTGACATTTAATAGTGTTTGCGTTTAATCT,GlyEtOH_2N_20170616_Gly-E10-GTAGAGGA-TACTCCTT_S58,hBFA2
TTTTAAACTGTGAAGTCGTTTTAGTTGGGACAAGTGGGTTGGAGGTTGGGGG,GlyEtOH_2N_20170616_Gly-E11-GCTCATGA-TACTCCTT_S59,hBFA2
AACATAATTAAGAACCTATTTTCCGCGGGACAAGTGGGTTGGAGGTTGGGGG,GlyEtOH_2N_20170616_Gly-E12-ATCTCAGG-TACTCCTT_S60,dBFA2;hBFA2
TCCGAAAAATAGAACCGCCTTCGGTCTACATAAAAAGTTTAACGATTTCATC,GlyEtOH_2N_20170616_Gly-E2-CGTACTAG-TACTCCTT_S50,dBFA2;hBFA2
TGTTAAAGTGTAAATGCTCTTCATTGCCTCAAAGCAAATTGTTTGTTTACGT,GlyEtOH_2N_20170616_Gly-E3-AGGCAGAA-TACTCCTT_S51,hBFA2
ATGAAAATAGTTAAAGTTTTTGTAGAATCACAATATGTTTACGTATTGTCCT,GlyEtOH_2N_20170616_Gly-E4-TCCTGAGC-TACTCCTT_S52,hBFA2
GCTGAAAAAATAAATGGAGTTTGTTAGGGACAAGTGGGTTGGAGGTTGGGGG,GlyEtOH_2N_20170616_Gly-E5-GGACTCCT-TACTCCTT_S53,dBFA2;hBFA2
CATTAAACACTTAATCCAATTCATGAGGGACAAGTGGGTTGGAGGTTGGGGG,GlyEtOH_2N_20170616_Gly-E6-TAGGCATG-TACTCCTT_S54,hBFA2
TAATCAATAAATAATAGGATTTCGGCGGGACAAGTGGGTTGGAGGTTGGGGG,GlyEtOH_2N_20170616_Gly-E7-CTCTCTAC-TACTCCTT_S55,dBFA2;hBFA2
CCATTAACGTGAAAAGTCTTTCGTTTCATTTAATAGTGTTTGCGTTTAATCT,GlyEtOH_2N_20170616_Gly-E8-CGAGGCTG-TACTCCTT_S56,hBFA2
TACAAAAAATTAAAAAAAGTTCGCACGGGACAAGTGGGTTGGAGGTTGGGGG,GlyEtOH_2N_20170616_Gly-E9-AAGAGGCA-TACTCCTT_S57,hBFA2
ATTACAAAATGGAAGCATGTTCCGTCATCACAATATGTTTACGTATTGTCCT,GlyEtOH_2N_20170616_Gly-F1-TAAGGCGA-AGGCTTAG_S61,dBFA2;hBFA2
CTGTTAACTACAAACTTATTTCGTCCTACATAAAAAGTTTAACGATTTCATC,GlyEtOH_2N_20170616_Gly-F10-GTAGAGGA-AGGCTTAG_S70,dBFA2;hBFA2
GGTTAAATCTTAAATCATTTTCTCGTCATTTAATAGTGTTTGCGTTTAATCT,GlyEtOH_2N_20170616_Gly-F11-GCTCATGA-AGGCTTAG_S71,hBFA2
GTCAAAACCCTCAATGGAATTTCCGGGGGACAAGTGGGTTGGAGGTTGGGGG,GlyEtOH_2N_20170616_Gly-F2-CGTACTAG-AGGCTTAG_S62,hBFA2
TGTAAAACTTTTAAATAAGTTGTGGCAACTAAATACCCTTTCAATTTGATGC,GlyEtOH_2N_20170616_Gly-F3-AGGCAGAA-AGGCTTAG_S63,dBFA2;hBFA2
AGGTTAAACGCAAACAGTATTTCGCTATCACAATATGTTTACGTATTGTCCT,GlyEtOH_2N_20170616_Gly-F4-TCCTGAGC-AGGCTTAG_S64,dBFA2;hBFA2
TTTAAAATTTACAAAAACGTTGATCACCTCAAAGCAAATTGTTTGTTTACGT,GlyEtOH_2N_20170616_Gly-F5-GGACTCCT-AGGCTTAG_S65,hBFA2
AGGCAAACACTTAATTAGATTTAAAGAACTAAATACCCTTTCAATTTGATGC,GlyEtOH_2N_20170616_Gly-F6-TAGGCATG-AGGCTTAG_S66,hBFA2
TTGATAATATATAATATATTTGGGAATACATAAAAAGTTTAACGATTTCATC,GlyEtOH_2N_20170616_Gly-F7-CTCTCTAC-AGGCTTAG_S67,dBFA2;hBFA2
TTTACAATAGCTAAGTTTGTTCTCGAGGGACAAGTGGGTTGGAGGTTGGGGG,GlyEtOH_2N_20170616_Gly-F8-CGAGGCTG-AGGCTTAG_S68,hBFA2
TTTCTAAATCTTAATCCAATTTCTAACATTTAATAGTGTTTGCGTTTAATCT,GlyEtOH_2N_20170616_Gly-F9-AAGAGGCA-AGGCTTAG_S69,hBFA2
CGGAAAAGGCCTAAACACATTAATAGCCTCAAAGCAAATTGTTTGTTTACGT,GlyEtOH_2N_20170616_Gly-G1-TAAGGCGA-ATTAGACG_S73,hBFA2
GCCCAAACAGTAAAATCAGTTTGGTTCATTTAATAGTGTTTGCGTTTAATCT,GlyEtOH_2N_20170616_Gly-G12-ATCTCAGG-ATTAGACG_S84,hBFA2
CTCACAATAGTGAATCATATTGTTATCATTTAATAGTGTTTGCGTTTAATCT,GlyEtOH_2N_20170616_Gly-G3-AGGCAGAA-ATTAGACG_S75,hBFA2
CTACAAAAGGTCAATCTTATTCATTACATTTAATAGTGTTTGCGTTTAATCT,GlyEtOH_2N_20170616_Gly-G4-TCCTGAGC-ATTAGACG_S76,hBFA2
TTATAAAGGGTTAACACATTTAAGTACATTTAATAGTGTTTGCGTTTAATCT,GlyEtOH_2N_20170616_Gly-G5-GGACTCCT-ATTAGACG_S77,hBFA2
ACCGGAACGAATAAGCATTTTCTCATATCACAATATGTTTACGTATTGTCCT,GlyEtOH_2N_20170616_Gly-G6-TAGGCATG-ATTAGACG_S78,hBFA2
CAATCAACTTCGAATGTTGTTGTCCACGAATAATCAAGTTTATTGTTTAATT,GlyEtOH_2N_20170616_Gly-G7-CTCTCTAC-ATTAGACG_S79,hBFA2
AAGACAATATGGAACACTGTTAACCAGGGACAAGTGGGTTGGAGGTTGGGGG,GlyEtOH_2N_20170616_Gly-G8-CGAGGCTG-ATTAGACG_S80,dBFA2;hBFA2
GATCCAACCACAAAGATCCTTTAAGATTGCGAAAGGATGTTAAGAGTTTTCGG,GlyEtOH_2N_20170616_Gly-G9-AAGAGGCA-ATTAGACG_S81,hBFA2
